spotify_id,Song,Artist,Rank,Genre,danceability,energy,loudness,speechiness,acousticness,instrumentalness,liveness,valence,tempo
4H2TRR9FjnnIwxGnIt9stO,Killin' Time,Clint Black,1,country,0.714,0.522,-9.773,0.0283,0.455,0.0000102,0.0967,0.69,121.312
6iy4PoAuZBMvtrlDX4VxC7,Check Yes Or No,George Strait,2,country,0.708,0.524,-12.644,0.0352,0.0551,0.00000321,0.0371,0.69,111.482
3oW6SWwGqiZSPTiAp7ZQoH,It's A Great Day To Be Alive,Travis Tritt,3,country,0.595,0.653,-4.935,0.0265,0.246,0,0.264,0.542,128.93
7lUE02KHkZM44BZgjCaWRO,Meet in the Middle,Diamond Rio,4,country,0.746,0.443,-11.305,0.0359,0.663,0,0.223,0.554,91.11
1ecIqo8pOc8S6y3l80iGxd,Fancy,Reba McEntire,5,country,0.675,0.54,-10.139,0.0774,0.204,0,0.0688,0.514,94.959
7GH8qNOm2gEKryVUyVzkmt,Delta Dawn,Tanya Tucker,6,country,0.619,0.507,-7.677,0.0335,0.71,0,0.258,0.694,77.995
4rQSLX4qMiUWL81hEQOuPY,Forever And Ever, Demis Roussos,7,country,0.701,0.68,-8.492,0.0264,0.303,0.0000151,0.159,0.704,90.607
5d5o9XHIrAMKvr3Qp2aZTW,Maybe It Was Memphis,Pam Tillis,8,country,0.462,0.78,-3.92,0.0343,0.455,0.000639,0.058,0.473,147.297
3ODF56f90W3qxDqxHAUi3v,Strawberry Wine,Deana Carter,9,country,0.558,0.435,-6.182,0.0264,0.302,0,0.0351,0.199,122.385
4uUwD0uYzIDjKMKQglzmD2,Song of the South,Alabama,10,country,0.486,0.647,-8.066,0.0377,0.189,0,0.305,0.628,162.218
0e05wFNr6zg1ULcp4NKs1p,Two Dozen Roses,Shenandoah,11,country,0.687,0.648,-9.137,0.027,0.314,0.00000137,0.289,0.6,121.341
54c6mEj1AfViQwz33gUnlO,Hello Darlin',Conway Twitty,12,country,0.289,0.256,-12.355,0.029,0.891,0.0000361,0.111,0.418,83.015
3nKLfeoq3YedJIZqvRW3Qz,I Don't Need Your Rockin' Chair - Version w/special guests,George Jones,13,country,0.68,0.589,-10.01,0.0247,0.152,0,0.378,0.696,93.865
3eIc0XWlqNkT290DfwNyBJ,Don't Close Your Eyes,Keith Whitley,14,country,0.618,0.271,-13.695,0.026,0.723,0.000558,0.129,0.264,78.334
29TI0GvP5gMQMPTJjdMe0H,You Never Even Called Me By My Name,David Allan Coe,15,country,0.604,0.459,-13.19,0.0321,0.153,0,0.275,0.505,105.908
5cCLKP66G2PJEorzYQVXHR,Love,Demi Lovato,16,country,0.686,0.234,-12.646,0.0295,0.742,0,0.145,0.342,106.581
6DqzLbXkxRUbvFyzWApTXM,Past The Point Of Rescue,Hal Ketchum,17,country,0.44,0.765,-5.973,0.0287,0.24,0.0000473,0.349,0.792,184.257
2nWKk3ACZN7exdamcHvGMU,Don't Laugh At Me,Mark Wills,18,country,0.399,0.357,-10.86,0.028,0.389,0,0.159,0.267,178.088
0Jtp6dLT78aWIdnoteCSxv,Smoky Mountain Rain,Ronnie Milsap,19,country,0.57,0.415,-15.077,0.0305,0.0644,0.0000869,0.067,0.524,141.019
70TsRbycWfabtevnripyRu,Don't Let Our Love Start Slippin' Away,Vince Gill,20,country,0.739,0.717,-9.568,0.0308,0.417,0.000918,0.334,0.663,113.234
2lYMQJyM2LOGEG3rVkdFod,Family Tradition,Hank Williams,21,country,0.66,0.523,-12.068,0.0608,0.0238,0,0.142,0.794,126.342
1gNUf7ItWfqwFrpDWzYcYY,Kiss An Angel Good Mornin',Charley Pride,22,country,0.687,0.512,-10.361,0.0294,0.794,0,0.313,0.876,131.793
7fJaL74toBMoNuO7iUXsST,Bubba Shot the Jukebox,Mark Chesnutt,23,country,0.604,0.6,-10.156,0.0438,0.338,0,0.0817,0.888,82.695
3mM14WXoPaLRjjkmxHe99L,Coal Miner's Daughter,Loretta Lynn,24,country,0.604,0.354,-14.07,0.0313,0.836,0.00474,0.103,0.635,137.349
0sgnJ5LFjEy2IuQ99NEZ1C,Hell on Heels,Pistol Annies,25,country,0.655,0.547,-5.829,0.0406,0.177,0.0000378,0.118,0.383,132.226
3rXCZRMiMZp0feGcYXpwYX,Cowboy Take Me Away,Dixie Chicks,26,country,0.467,0.622,-7.255,0.031,0.365,0.00527,0.0982,0.455,164.418
1XFzAUUOUvusbHdbVynH5A,Red River Valley,Suzy Bogguss,27,country,0.479,0.25,-9.431,0.0274,0.842,0.000049,0.124,0.402,145.785
2btMA0oVvDOTK3PVYq70xZ,This Cowboy's Hat,Chris LeDoux,28,country,0.508,0.418,-8.356,0.0299,0.724,0,0.383,0.569,86.38
1KNNTdw7SzJ90p6RXq4kGE,Grandpa (Tell Me 'Bout The Good Old Days),The Judds,29,country,0.566,0.488,-8.833,0.0324,0.454,0.0000068,0.168,0.512,201.68
5DWmvAL8WPuncj8tSxFVNC,Last Call,Lee Ann Womack,30,country,0.335,0.584,-7.089,0.0341,0.794,0.000195,0.0869,0.332,78.51
0IErUOvyUhX4Gxji2LPjTc,Cheater,Taylor Swift,31,country,0.614,0.809,-4.771,0.0488,0.594,0,0.246,0.79,149.97
2Cb2l4UoXynCHCeCYHRZN8,Stand By Your Man,Tammy Wynette,32,country,0.563,0.331,-9.681,0.0283,0.776,0.000846,0.125,0.608,105.779
7xdQBiKGzfN8ripbLkihWu,Seminole Wind,John Anderson,33,country,0.619,0.575,-11.115,0.0319,0.323,0.00000139,0.125,0.372,126.964
33AQv3sfvHmtGfYNIJpi96,Tequila Makes Her Clothes Fall Off,Joe Nichols,34,country,0.654,0.745,-5.685,0.0281,0.134,0,0.079,0.679,93.931
1ccfxq0BQovRaGSYTwljLR,Good as I Was to You,Lorrie Morgan,35,country,0.549,0.486,-5.383,0.0261,0.0961,0,0.0947,0.143,133.956
04f1rOkeyOqYQQzPJZk9JS,How Can I Help You Say Goodbye,Patty Loveless,36,country,0.499,0.201,-12.145,0.0276,0.818,0.00000138,0.143,0.234,72.139
2kZZq09uK0oR9wwYJvgacb,Paint Me a Birmingham,Tracy Lawrence,37,country,0.519,0.52,-4.547,0.03,0.0757,0,0.166,0.281,129.862
0zvNHIL7ci0ZzIoWU6RO2u,I Love A Rainy Night,Eddie Rabbitt,38,country,0.685,0.718,-7.724,0.0521,0.122,0,0.0556,0.958,131.463
6gRACp2CvsIhc7hyw8CecQ,The Devil Went Down to Georgia,The Charlie Daniels Band,39,country,0.517,0.535,-12.027,0.0494,0.131,0,0.085,0.933,135.087
7CNd7rjfVt74TFlcOcnZgN,In Color,Jamey Johnson,40,country,0.544,0.404,-8.751,0.0354,0.391,0.00000398,0.157,0.251,129.518
5LNKhl5Q3ZYlC8SWiqV0hv,Walkaway Joe,Trisha Yearwood,41,country,0.623,0.377,-11.697,0.027,0.878,0.0000495,0.0772,0.427,114.018
04F6rARD2mv4JiT8WglIDz,What Might Have Been,Little Texas,42,country,0.621,0.201,-15.112,0.0296,0.623,0,0.131,0.146,130.626
6QT53ohGZeLGoYktBPRePD,Apologize (Acoustic Version),Kacey Musgraves,43,country,0.494,0.418,-3.656,0.0301,0.752,0.00000769,0.0938,0.256,132.464
4UWDRNon2wbiqDsdkfUBGi,Holding Her and Loving You,Earl Thomas Conley,44,country,0.619,0.418,-11.208,0.0302,0.315,0.00000275,0.11,0.322,126.011
15cGdiAHmezm0P04jVAjMo,Letters From Home,John Michael Montgomery,45,country,0.644,0.626,-7.243,0.0258,0.367,0.00000578,0.155,0.388,128.029
5E5qobIPLh5K9opkag3J1C,Fall,Clay Walker,46,country,0.55,0.543,-6.986,0.0287,0.193,0,0.0994,0.208,138.003
3qd4eFbXvTs0xsgDnExC0I,I Was Country When Country Wasn't Cool,Barbara Mandrell,47,country,0.607,0.555,-11.347,0.0314,0.0789,0.000179,0.929,0.529,104.937
0qXUwQbZHFnhAGCgqwz2lR,Meet Me In Montana,Dan Seals,48,country,0.661,0.389,-12.292,0.0301,0.393,0.00000104,0.0902,0.515,124.147
61EQfJXizp4MIpLYWyLoQI,When She Cries,Restless Heart,49,country,0.666,0.521,-10.993,0.0292,0.114,0,0.0604,0.361,105.223
2hckAvL66faAcR0Fk64hj6,Pancho and Lefty,Merle Haggard,50,country,0.693,0.454,-12.44,0.0332,0.796,0.000154,0.143,0.54,122.641
6s0yNmp4Hd32wGx40T6uL8,Kinetic (The Crystal Method vs. Dada Life),The Crystal Method,1,electronic,0.585,0.924,-4.782,0.0336,0.000151,0.859,0.477,0.276,127.976
4bz7uB4edifWKJXSDxwHcs,Galvanize,The Chemical Brothers,2,electronic,0.745,0.714,-3.681,0.0751,0.0141,0.0222,0.363,0.365,104.003
1pUFYb9peWkK8m1WCKNRjp,God Is a DJ,Faithless,3,electronic,0.606,0.897,-7.469,0.0448,0.176,0.882,0.17,0.393,130.55
1gYn6OTpw5W6n8QaJjyY5m,Nobody Speak (feat. Run the Jewels),DJ Shadow,4,electronic,0.62,0.813,-5.937,0.153,0.0377,0.00282,0.263,0.3,160.063
0xZuxFQjLWZnRMOFlFDsF5,Step On,Happy Mondays,5,electronic,0.597,0.91,-7.66,0.0374,0.0000276,0.341,0.0945,0.58,104.932
5oPUBUzrAnwvlmMzl1VW7Y,Breathe,The Prodigy,6,electronic,0.673,0.808,-6.183,0.0491,0.0121,0.878,0.037,0.303,130.041
6DxKG8EHEqkWdKrFQSvm32,In Yer Face - Bicep Remix,808 State,7,electronic,0.616,0.895,-6.625,0.0339,0.000392,0.924,0.153,0.211,124.996
67Hna13dNDkZvBpTXRIaOJ,Teardrop,Massive Attack,8,electronic,0.615,0.419,-8.799,0.0396,0.0173,0.505,0.135,0.216,76.996
5rDFRvwao7MFzuhrBTkWMQ,We Don't Care,Audio Bullys,9,electronic,0.733,0.848,-6.489,0.0597,0.00112,0.00142,0.0882,0.658,124.066
2lrkgtrmmWniRyWsUCoAv1,Singin' in the Rain,Mint Royale,10,electronic,0.529,0.935,-6.466,0.0462,0.000663,0.337,0.0974,0.377,130.966
10ZyPt8BfdM5Ir7MTPldFD,Take California,Propellerheads,11,electronic,0.709,0.892,-5.96,0.0484,0.000402,0.69,0.0646,0.161,119.833
3ajbqS54UTMweMp1x24DFN,Atom Bomb,Fluke,12,electronic,0.5,0.915,-8.777,0.0483,0.00142,0.379,0.119,0.348,110.011
0GoM2vODdCMqQ4eyjvNKbv,Bentley's Gonna Sort You Out - Damien's Gonna Edit A Bit Out,Bentley Rhythm Ace,13,electronic,0.649,0.99,-6.236,0.0445,0.00783,0.794,0.335,0.824,104.013
6lsumzVFKP9SnfKcuGwqVp,Rome Wasn't Built In A Day,Morcheeba,14,electronic,0.61,0.807,-4.997,0.0305,0.0769,0.00000264,0.376,0.689,112.031
24UPAuTCzIAVobhZnwfFqo,The Staunton Lick,Lemon Jelly,15,electronic,0.64,0.867,-7.93,0.0577,0.323,0.614,0.0688,0.414,174.711
3Qr0t5gUkblSNrq2P0S50t,Jump N Shout - Erik Hagleton Remix,Basement Jaxx,16,electronic,0.742,0.983,-6.561,0.0555,0.124,0.245,0.224,0.416,123.007
4OchoJP9f6qiSycrX8iV9Z,6 Underground,Sneaker Pimps,17,electronic,0.587,0.678,-8.651,0.0524,0.0319,0.16,0.116,0.429,169.947
6l0LbTF2V77M3LPpcOBmqX,Halcyon And On And On,Orbital,18,electronic,0.577,0.729,-14.376,0.0319,0.0953,0.928,0.184,0.177,126.988
6VCqx14OVaX9uwSvC0PvAG,The Girl And The Robot,Ranslive,19,electronic,0.511,0.899,-5.323,0.0601,0.115,0.000105,0.107,0.0773,121
4CLZlTPjaKqbadAJc031OQ,Pogo,Digitalism,20,electronic,0.403,0.754,-5.256,0.0441,0.0000608,0.0000773,0.529,0.398,136.021
7xQYVjs4wZNdCwO0EeAWMC,Born Slippy (Nuxx),Underworld,21,electronic,0.576,0.953,-8.968,0.0362,0.00106,0.49,0.474,0.303,140.042
2EEinN4Zk8MUv4OQuLsTBj,Age Of Consent - 2015 Remastered Version,New Order,22,electronic,0.372,0.91,-5.559,0.0392,0.00101,0.0944,0.13,0.756,161.964
5e9nJoAWMFJAmgUSx7EBFm,Only Heaven,Coldcut,23,electronic,0.542,0.651,-7.94,0.0936,0.00752,0.0102,0.343,0.195,139.998
5Vx3e9PipiEceifVyBzCdj,Movin' on Up,Primal Scream,24,electronic,0.508,0.808,-12.496,0.0403,0.0846,0.000727,0.0719,0.209,94.255
5zYgFOCkYxPbfzq0PYoUR6,Easy Muffin,Amon Tobin,25,electronic,0.526,0.486,-10.836,0.0433,0.329,0.403,0.577,0.274,170.103
3F138QuYFlzPmgPeWKEFln,Battleflag (feat. Pigeonhed),Lo Fidelity Allstars,26,electronic,0.663,0.868,-9.624,0.112,0.0399,0.0000343,0.0485,0.348,100.481
2GyrX5kqaQeJskyL8TatIy,Poney Part I,Vitalic,27,electronic,0.578,0.718,-6.169,0.0382,0.000886,0.759,0.0713,0.488,135.997
6ZoBkmNGZ4pTDB8M8GwrQp,Chase the Sun,Planet Funk,28,electronic,0.583,0.776,-7.488,0.0311,0.0161,0.0179,0.355,0.497,127.991
3ZTDzN6crSsEontNPgFSpV,Gone,Kosheen,29,electronic,0.486,0.8,-4.691,0.0523,0.0243,0.0000838,0.338,0.507,173.897
0lk1zdGFPEv6U7omOAqhSs,Ain't Talkin' 'Bout Dub,Apollo 440,30,electronic,0.331,0.937,-5.829,0.0723,0.00567,0.0271,0.107,0.657,163.978
3f3HHRPF5vAo90GwdpDMaQ,Because I'm Me,The Avalanches,31,electronic,0.472,0.805,-5.793,0.086,0.0491,0.0162,0.337,0.512,94.922
6D2FMgB1DFP3KMCdmAzqkI,Lonely Soul,UNKLE,32,electronic,0.465,0.569,-7.952,0.0376,0.1,0.0422,0.106,0.114,91.529
3q5YhSzJVmiOCuNJCWQ1w9,Destroy Everything You Touch,Ladytron,33,electronic,0.524,0.771,-5.961,0.0321,0.00994,0.0000083,0.187,0.705,120.336
2UKYMN7VnsQo40n0qCt6Sa,Porcelain,Moby,34,electronic,0.551,0.628,-7.874,0.0294,0.00133,0.188,0.282,0.336,95.03
17hdos7cv1vAvcfoTU4Pym,The Only One I Know,The Charlatans,35,electronic,0.543,0.572,-13.124,0.0317,0.0685,0.00119,0.0823,0.533,113.312
1FTSo4v6BOZH9QxKc3MbVM,Song 2 - 2012 Remastered Version,Blur,36,electronic,0.674,0.789,-6.903,0.0676,0.00178,0.00708,0.0753,0.918,129.802
6OGRM4MAOlyOdhHuX0OJ6P,A New Error,Moderat,37,electronic,0.717,0.46,-11.326,0.0372,0.0287,0.785,0.0661,0.0961,110.993
3vyKSb9sAdXl0kQ1KnS9fY,Emerge,Fischerspooner,38,electronic,0.607,0.734,-7.622,0.0445,0.0906,0.812,0.0925,0.569,147.941
0h26qoZNRIuUfuIellYQ1A,Finished Symphony - deadmau5 Remix,Hybrid,39,electronic,0.832,0.536,-6.736,0.0557,0.00282,0.856,0.184,0.433,127.996
58eKLwmiYrJAqNlv96pwlP,Hayling (feat. Hafdis Huld),FC Kahuna,40,electronic,0.555,0.329,-9.188,0.0279,0.495,0.0154,0.669,0.0391,140.038
5KCxJigVaM0XlRC8TZeQl4,Prime Audio Soup,Meat Beat Manifesto,41,electronic,0.583,0.925,-5.544,0.0454,0.000154,0.59,0.208,0.468,126.01
7lsFHOFeMyWiqaKrESLudT,Ready For The Floor,Hot Chip,42,electronic,0.0764,0.759,-5.443,0.0413,0.00903,0,0.0746,0.937,128.999
5drK2kTE2mrUdV33iHWyrx,Mad About You,Hooverphonic,43,electronic,0.465,0.844,-4.352,0.0379,0.00109,0.399,0.0865,0.155,170.358
7eh33sXffuOKPOZ9xWkQsi,Set My Baby Free,Ian Brown,44,electronic,0.566,0.606,-6.385,0.0322,0.754,0.0338,0.135,0.339,89.836
21RDsw7wzUJNl2FbWTgEfJ,Praise You - Radio Edit,Fatboy Slim,45,electronic,0.621,0.885,-6.826,0.0473,0.0418,0.492,0.133,0.554,109.728
0C2GT6MXWGRo7PIeeFq9zu,Days Go By,Dirty Vegas,46,electronic,0.786,0.853,-8.274,0.0688,0.0499,0.0872,0.35,0.309,126.99
2bQ3lk19XCgwuNMXSSXivI,Connected,Stereo MC's,47,electronic,0.655,0.936,-4.57,0.0459,0.0463,0.000878,0.0846,0.7,100.648
2JUS3pY1gTbypRyC8Ztj2m,You Read My Cards Wrong,Red Snapper,48,electronic,0.419,0.504,-12.069,0.0351,0.36,0.72,0.256,0.141,115.701
5Nn2Dj7OQsGL6pgQ9iIzPp,Ghostwriter,RJD2,49,electronic,0.747,0.68,-6.187,0.0346,0.0107,0.803,0.0964,0.594,93.804
1AnmfPwfhiMUetZyYrrHET,Return Of Django,Asian Dub Foundation,50,electronic,0.572,0.732,-7.65,0.0812,0.000921,0.856,0.279,0.641,187.231
0fjYN9BylnRXMA3or3QSld,If You Could Read My Mind,Gordon Lightfoot,1,folk,0.603,0.252,-12.402,0.0337,0.68,0.0000696,0.147,0.179,122.631
0gctFhy7ZomaBNuUrFnjrU,Lungs - Live,Townes Van Zandt,2,folk,0.544,0.34,-13.947,0.0411,0.785,0.00000389,0.734,0.556,97.005
6Xz7FeyE8HTP90HecgHV57,Wild World,Yusuf / Cat Stevens,3,folk,0.48,0.542,-8.51,0.0348,0.345,0.000609,0.113,0.567,152.853
0VNZYdfyOM8FGmYSwEGUa1,Me and Bobby McGee,Kris Kristofferson,4,folk,0.579,0.302,-13.387,0.0288,0.794,0.0000124,0.188,0.579,133.39
4wESSHqChrl4kwWmZ6otXc,Speed Of The Sound Of Loneliness,Nanci Griffith,5,folk,0.626,0.419,-13.868,0.0317,0.607,0.000489,0.122,0.645,146.136
49rjnhdgM5lKVRdhnHtOJA,Encore,Graham Nash,6,folk,0.635,0.15,-17.53,0.0351,0.893,0.0437,0.111,0.158,128.08
5oxTZlxluZl8zIVKANQmAM,Let The Mystery Be,Iris DeMent,7,folk,0.651,0.319,-12.408,0.0359,0.752,0,0.149,0.725,80.38
6UkMcAA19lTdjs22jtB7o2,Big Yellow Taxi,Joni Mitchell,8,folk,0.611,0.47,-9.135,0.0356,0.579,0,0.581,0.97,85.527
2PuUFT13yCzUOZun94WOXv,Suite: Judy Blue Eyes - Remastered,Crosby,9,folk,0.458,0.364,-13.126,0.0431,0.467,0,0.197,0.3,154.215
6hLqEJg2GnnDG4W0Y64hyD,Cats In The Cradle (45 Version),Harry Chapin,10,folk,0.463,0.484,-13.259,0.0395,0.456,0,0.125,0.513,77.521
6g0eFcVGt4tSJpJ2FdIQv0,The Last Thing On My Mind,Tom Paxton,11,folk,0.561,0.0901,-15.923,0.034,0.889,0.000174,0.111,0.444,82.155
6oZaeLPOAb3Rn408f3IQiB,If I Had A Boat,Lyle Lovett,12,folk,0.473,0.323,-15.639,0.0374,0.337,0.000187,0.364,0.493,92.058
12q3V8ShACq2PSWINMc2rC,It's Too Late,Carole King,13,folk,0.45,0.442,-12.718,0.0353,0.493,0.00564,0.134,0.812,208.282
5OHTqUeUeV09qhqszxS541,The Traveling Kind,Emmylou Harris,14,folk,0.395,0.57,-9.237,0.0356,0.855,0.000254,0.0994,0.384,168.981
1k691v8ChLgDiuLLKnjyj6,In Spite of Ourselves,John Prine,15,folk,0.547,0.277,-11.327,0.0429,0.67,0,0.091,0.684,153.974
6scUEism6pBnY0IXYr8fw3,The Swimming Song,Loudon Wainwright III,16,folk,0.604,0.585,-11.288,0.0329,0.408,0.0886,0.109,0.67,92.521
7raciFPVU5VuHmqVbw2c1h,Puff,Van Morrison,17,folk,0.581,0.143,-16.273,0.0401,0.65,0,0.104,0.469,144.605
72DefuF22C6aPKrWhRFCBS,Love Hurts - Remastered Version,Gram Parsons,18,folk,0.461,0.296,-11.496,0.026,0.256,0.0000181,0.0871,0.303,137.252
2p3lirPPNyGLtbNTk9LVRR,What They Say,Chris Smither,19,folk,0.566,0.57,-6.42,0.0329,0.688,0.00000173,0.0943,0.96,83.403
3LcYYV9ozePfgYYmXv0P3r,Fire And Rain,James Taylor,20,folk,0.611,0.35,-14.48,0.0356,0.499,0.00000784,0.0844,0.36,76.064
3QcuZo6WLcFkqqLmDs0d95,Doctor My Eyes,Jackson Browne,21,folk,0.48,0.626,-8.406,0.0294,0.266,0.000057,0.0857,0.542,75.63
3yrSvpt2l1xhsV9Em88Pul,Brown Eyed Girl,Van Morrison,22,folk,0.491,0.583,-10.964,0.0376,0.185,0,0.406,0.908,150.566
1KueOLeUZpaNRK2InckxVT,1952 Vincent Black Lightning,Richard Thompson,23,folk,0.488,0.209,-19.549,0.0369,0.0374,0.00000505,0.103,0.362,120.63
62XHSV9G6veYMIc04oxXx0,I Remember You,Eilen Jewell,24,folk,0.43,0.373,-9.454,0.0301,0.61,0.0000594,0.114,0.405,89.424
0O87QQVWgCkkXAfrhsal55,Music Is Love,David Crosby,25,folk,0.482,0.28,-14.97,0.0264,0.228,0,0.0888,0.359,90.985
0hhzJEusz6r7f0eL1Uc8kw,Here Comes The Sun,Richie Havens,26,folk,0.698,0.643,-16.985,0.0649,0.803,0.0799,0.704,0.714,128.22
7AL6qzIDHIX7pEUWrzNiIs,Hurdy Gurdy Man,Donovan,27,folk,0.405,0.463,-16.167,0.0542,0.00379,0.0442,0.392,0.542,79.451
3NNkJwiHucP5QyUEAIMXra,Love The One You're With,Stephen Stills,28,folk,0.566,0.527,-11.216,0.034,0.03,0.00000325,0.115,0.157,97.281
3Vms3ZKJF7CXWppSejBPxL,The Night They Drove Old Dixie Down,Joan Baez,29,folk,0.575,0.355,-12.668,0.0332,0.595,0,0.104,0.453,129.317
0P6TTXbSLGrSoTNMz5kvB7,The City of New Orleans,Arlo Guthrie,30,folk,0.616,0.577,-8.834,0.0407,0.535,0,0.0808,0.592,145.863
31nItlXwgCCFpttS50Rbxf,Fruits Of My Labor,Lucinda Williams,31,folk,0.341,0.234,-12.307,0.0423,0.703,0.000674,0.108,0.167,176.463
7Guwk9x2j11UYR4mOaJvfx,Heavenly Day,Patty Griffin,32,folk,0.3,0.364,-7.385,0.032,0.798,0.00000635,0.116,0.391,184.241
6684GUHy1jpyhJVzpz5OFr,Mercy Now,Mary Gauthier,33,folk,0.583,0.262,-11.139,0.0281,0.811,0.000563,0.0993,0.332,76.028
6WRKgNXy93NabH6Ssz7dCT,Spring Wind,Greg Brown,34,folk,0.412,0.166,-19.521,0.131,0.688,0.000809,0.112,0.0844,173.776
3AhXZa8sUQht0UEdBJgpGc,Like a Rolling Stone,Bob Dylan,35,folk,0.482,0.721,-6.839,0.0321,0.731,0,0.189,0.557,95.263
5vPRCX0Bj8O374jTCAQRLS,Look at Miss Ohio,Gillian Welch,36,folk,0.7,0.118,-12.687,0.0357,0.726,0.000497,0.109,0.335,122.591
4GV5wmFd0G5NW8lQK9aVvP,Early Morning Rain,Ian & Sylvia,37,folk,0.474,0.118,-22.932,0.0296,0.844,0.00946,0.113,0.658,98.095
5mnvqisoDJilY0uCEdT8rG,Danny's Song,Loggins & Messina,38,folk,0.507,0.198,-16.089,0.0324,0.806,0,0.102,0.601,141.261
1JtvwshkJMxfm4oRhJp93C,The Time I've Wasted,Lori McKenna,39,folk,0.473,0.25,-11.263,0.0304,0.796,0.0000883,0.101,0.261,145.027
2DnJjbjNTV9Nd5NOa1KGba,You're So Vain,Carly Simon,40,folk,0.659,0.678,-8.18,0.0313,0.157,0.00000669,0.0784,0.647,106.186
0y2QzIC1avdAqTbo0qrDJB,No Regrets - 2008 Remastered Version,Tom Rush,41,folk,0.681,0.32,-16.073,0.0364,0.686,0.0939,0.145,0.329,110.147
7teXDPOtLF93ZqepIRnViL,Hobo's Lullaby,Billy Bragg,42,folk,0.397,0.16,-10.392,0.0457,0.969,0.00000136,0.104,0.354,202.515
6zXgU7iiGEEKp9f0pJHJUn,Dublin Blues,Guy Clark,43,folk,0.656,0.188,-12.996,0.0335,0.648,0.000006,0.12,0.192,85.271
0kKcoVPFH2o1Ca63jUSxYy,The Weakness In Me,Joan Armatrading,44,folk,0.727,0.198,-14.749,0.03,0.657,0.00000887,0.119,0.378,101.794
2ZjRAKoGcm4oyyl6iikOuC,Who Knows Where The Time Goes?,Fairport Convention,45,folk,0.518,0.177,-16.633,0.0317,0.693,0.142,0.0952,0.418,144.394
7MTX3vevnm41xuEoPxWT3j,Year Of The Cat - 2001 Remastered Version,Al Stewart,46,folk,0.54,0.634,-9.165,0.0346,0.016,0.0098,0.118,0.546,116.461
77r5kKZHweJGTcPZ31hmFR,You Stay Here,Richard Shindell,47,folk,0.562,0.467,-10.561,0.0279,0.713,0.0115,0.114,0.357,143.524
23DZLSxCK6kM8FF2RlzKDl,You're No Good,Linda Ronstadt,48,folk,0.669,0.52,-10.136,0.0345,0.245,0.00535,0.126,0.634,104.812
3e3g5fhOUw0TxHZ46Qn9uF,Traveling Alone,Tift Merritt,49,folk,0.509,0.31,-11.033,0.0404,0.85,0.000268,0.102,0.227,80.529
6GSfKutTHxZTGoeyqQh0n9,Love Is Our Cross To Bear,John Gorka,50,folk,0.601,0.0538,-18.247,0.036,0.916,0.0000162,0.1,0.227,137.045
5ByAIlEEnxYdvpnezg7HTX,Juicy,The Notorious B.I.G.,1,hip hop,0.887,0.818,-4.639,0.253,0.47,0,0.179,0.782,96.063
33ZXjLCpiINn8eQIDYEPTD,Shook Ones,Craig Mack,2,hip hop,0.763,0.786,-6.472,0.229,0.0146,0.0114,0.0817,0.504,93.857
5PQmSHzWnlgG4EBuIqjac2,If I Ruled the World (Imagine That),Nas,3,hip hop,0.879,0.564,-7.682,0.247,0.0474,0.00000943,0.0519,0.523,93.908
4C7Ss9bTPOWJMh3rarF1mN,Definition,Black Star,4,hip hop,0.65,0.9,-4.099,0.374,0.0252,0,0.176,0.659,89.788
0svl7cK07gK1ia5ainczU5,Break Ya Neck,Busta Rhymes,5,hip hop,0.82,0.809,-6.759,0.251,0.443,0.00175,0.0613,0.737,83.011
5kWShBA43yNFBzHk7g1Mtd,Still Not a Player,Big Pun,6,hip hop,0.891,0.704,-4.128,0.283,0.231,0.00553,0.119,0.896,94.119
6JI5wNWYdBw68GZjOMmgK5,Put It On,Big L,7,hip hop,0.711,0.62,-10.174,0.212,0.0175,0,0.134,0.805,179.817
30oTS7bm0aH3p7lqjEIu8q,Full Clip,Gang Starr,8,hip hop,0.875,0.745,-5.878,0.269,0.0227,0.00000237,0.287,0.749,95.201
3X414ZlCf5U7pcpIaIcUkT,Flava In Ya Ear,Craig Mack,9,hip hop,0.762,0.541,-8.843,0.329,0.466,0,0.0693,0.885,90.032
0I3q5fE6wg7LIfHGngUTnV,Ms. Jackson,OutKast,10,hip hop,0.843,0.806,-5.946,0.269,0.143,0,0.0771,0.613,94.948
7Kutf53V4k0CvU4nKu5oK6,Real Hip-Hop,Das EFX,11,hip hop,0.858,0.76,-7.895,0.254,0.0217,0,0.322,0.951,93.082
2HAVFycrhtbmLxyyxpm6JI,Killing Me Softly with His Song,Fugees,12,hip hop,0.765,0.437,-10.122,0.0727,0.0271,0.00000131,0.167,0.498,92.402
4Hf2HHwkUEJZzJgp3KDKMu,Da Joint,EPMD,13,hip hop,0.648,0.6,-3.888,0.409,0.28,0,0.0942,0.737,89.479
2Mb3zpobD0CvJGWv6NpsPy,They Reminisce Over You,Pete Rock & C.L. Smooth,14,hip hop,0.761,0.683,-10.889,0.164,0.141,0,0.342,0.671,101.787
4anqYZt4APNlFwQixpbdZR,Da Rockwilder,Method Man,15,hip hop,0.612,0.659,-6.995,0.406,0.0137,0,0.417,0.393,99.137
6uP0XLqjRqFx8HAfesdcAg,X Gon' Give It To Ya,DMX,16,hip hop,0.501,0.851,-5.111,0.292,0.0295,0,0.0775,0.627,95.058
4WxQGUmWBRNovxlF2g8Xdv,The Humpty Dance,Digital Underground,17,hip hop,0.813,0.693,-8,0.266,0.0341,0,0.121,0.618,103.508
6pvd8OBnYlV6FqskUOvWlx,Lifesaver,Guru,18,hip hop,0.718,0.488,-12.136,0.197,0.276,0.00000179,0.667,0.669,92.059
1hWYT0w2R0J19rlVkiez7X,Battle Scars,Lupe Fiasco,19,hip hop,0.517,0.811,-4.526,0.286,0.186,0,0.105,0.494,168.269
3yNVfRQlUPViUh8O2V9SQn,Just A Friend,Biz Markie,20,hip hop,0.862,0.663,-9.004,0.21,0.12,0,0.318,0.837,85.308
3JEzGRDUsozrehZTq3dKE8,All Eyez (feat. Jeremih) - Bonus Track,The Game,21,hip hop,0.419,0.655,-6.679,0.247,0.0571,0,0.0962,0.353,76.835
08X9m3tpcthgrItjPVAmCu,Devastated,Joey Bada$$,22,hip hop,0.837,0.481,-8.522,0.0801,0.12,0,0.309,0.578,122.98
2p9sprAX27D6U5cuSE9NsM,When I B On Tha Mic,Rakim,23,hip hop,0.836,0.484,-7.332,0.327,0.0454,0,0.0557,0.839,95.941
5HQVUIKwCEXpe7JIHyY734,Young,Eazy-E,24,hip hop,0.715,0.655,-6.425,0.137,0.0525,0,0.115,0.531,95.078
7Afjy65bIVBMpFwCLTiuEe,Time 4 Sumaksion,Redman,25,hip hop,0.847,0.807,-7.548,0.378,0.185,0,0.514,0.698,102.857
4piae89WoVnwucdJzWrB7M,O.P.P.,Naughty By Nature,26,hip hop,0.776,0.968,-4.25,0.0914,0.00147,0,0.204,0.667,97.765
119c93MHjrDLJTApCVGpvx,C.R.E.A.M.,Wu-Tang Clan,27,hip hop,0.479,0.549,-10.551,0.373,0.57,0.0235,0.127,0.576,180.985
1yo16b3u0lptm6Cs7lx4AD,Fight The Power,Public Enemy,28,hip hop,0.797,0.582,-12.97,0.255,0.00484,0.00000204,0.517,0.415,105.974
5Unpx9KoFyS7VHZEFdBoGr,Circles,Pusha T,29,hip hop,0.783,0.74,-4.096,0.0644,0.615,0.0000282,0.0878,0.669,134.042
2OgGlK7DqGg86Z5uUxUgGg,Passin' Me By,The Pharcyde,30,hip hop,0.758,0.755,-8.14,0.274,0.0848,0.00000178,0.232,0.562,87.052
4hrae8atte6cRlSC9a7VCO,Always On Time,Ja Rule,31,hip hop,0.839,0.706,-6.104,0.199,0.208,0,0.242,0.839,96.673
4E5IFAXCob6QqZaJMTw5YN,Poppin' Them Thangs,G-Unit,32,hip hop,0.769,0.818,-1.385,0.192,0.263,0,0.0787,0.918,88.017
2MuJbBWAVewREJmB8WdGJ3,It Was A Good Day,Ice Cube,33,hip hop,0.78,0.754,-5.377,0.0952,0.135,0.034,0.0467,0.81,82.394
53BZ6XygAoubR5DU5w38Vq,Real Muthaphuckkin' G's,Eazy-E,34,hip hop,0.724,0.853,-3.895,0.283,0.0164,0,0.65,0.775,170.51
32UioUCnMFsr2UN7SvDyXj,Slow Jamz,Twista,35,hip hop,0.569,0.744,-5.757,0.181,0.369,0,0.256,0.59,145.063
5wwLfjdiSHsgKyEO6V5rDe,Don't Let It Go To Your Head,Brand Nubian,36,hip hop,0.849,0.495,-10.399,0.204,0.00243,0.00000353,0.0722,0.666,99.872
0W2mz7mvaBaEsC4rmoRNPn,Slam,Onyx,37,hip hop,0.876,0.71,-12.908,0.347,0.0654,0.00312,0.918,0.724,98.305
3XrvEifl0hIzgBGUa5jBLS,Grindin',Clipse,38,hip hop,0.592,0.77,-3.402,0.318,0.122,0.00000122,0.103,0.361,191.692
6N34lGtJ3yxg9GrFRd6Wpg,Bring It On,Organized Konfusion,39,hip hop,0.695,0.618,-9.255,0.296,0.046,0.00231,0.12,0.414,80.7
2OXAWAySnYPJHLvgLX5fFT,Luchini Aka This Is It,Camp Lo,40,hip hop,0.693,0.905,-8.701,0.303,0.0469,0,0.268,0.832,82.911
3tvWMBIblzT5FSjKtIeRR1,Whatever You Like,T.I.,41,hip hop,0.68,0.687,-6.162,0.0709,0.0161,0,0.261,0.467,150.053
1LM6EReMkAxuDXDF26ekl2,Get By,Talib Kweli,42,hip hop,0.662,0.928,-4.688,0.377,0.00324,0,0.17,0.775,90.509
0IVAlb0cFCH1cQ974iR1TU,Ms. Fat Booty,Mos Def,43,hip hop,0.782,0.589,-4.827,0.189,0.148,0,0.164,0.869,90.438
4XHQyvbrBsQaaBUW1VvmsL,My Band,D12,44,hip hop,0.851,0.849,-3.383,0.0828,0.497,0.00000205,0.116,0.844,120.014
4pdLZsxq0y5oJDb6Cxlokw,You Got Me,The Roots,45,hip hop,0.729,0.442,-8.106,0.285,0.151,0,0.189,0.757,81.029
27dUo79lgLEy4Rk5w3UvSL,Guess Who's Back,Beanie Sigel,46,hip hop,0.742,0.788,-9.197,0.31,0.00961,0.105,0.0864,0.848,85.835
3ABG1UQTk0eLYUAeWkmfMi,Shimmy Shimmy Ya,Ol' Dirty Bastard,47,hip hop,0.743,0.481,-5.183,0.245,0.097,0.0000383,0.0495,0.193,96.252
4b5aJdOgxps6z0dPe6wCHF,Into You (feat. Ashanti),Fabolous,48,hip hop,0.726,0.568,-8.358,0.0298,0.179,0,0.0488,0.631,91.906
61QSuw5VlC0LTS8WMO356g,All The Way Up,Fat Joe,49,hip hop,0.536,0.721,-6.44,0.386,0.062,0,0.824,0.393,117.139
0kF1yJzBGNFTugYQ4nbBSd,Sour Soul,Ghostface Killah,50,hip hop,0.675,0.724,-6.237,0.191,0.104,0.000727,0.295,0.504,84.036
7pKWTcPfT9mg2iAhobFHpS,Polka Dots And Moonbeams - 1998 Digital Remaster,Bud Powell,1,jazz,0.552,0.171,-13.66,0.0544,0.955,0.877,0.122,0.152,102.408
58ylMBq2yqYdHyevarkNWa,I Guess I'll Hang My Tears Out To Dry - 1999 Digital Remaster,Dexter Gordon,2,jazz,0.524,0.222,-8.967,0.0346,0.907,0.00124,0.0544,0.325,120.71
0ADAFZE0bYIuaIyPNFl3LE,Blue Skies,Art Tatum,3,jazz,0.443,0.0711,-20.146,0.0486,0.989,0.894,0.101,0.596,175.02
2BhU0Hl5OatWiCW93pE2b8,Remember - 1999 Digital Remaster,Hank Mobley,4,jazz,0.539,0.403,-9.168,0.0531,0.794,0.000613,0.278,0.699,165.301
5LucwdrsPJ11MkweMTFF4w,Body and Soul,Coleman Hawkins,5,jazz,0.659,0.107,-16.601,0.0583,0.975,0.935,0.159,0.7,94.943
7CnOzCWGrTINcDExG6u99y,Cool Struttin',Sonny Clark,6,jazz,0.58,0.48,-7.682,0.0339,0.837,0.00432,0.171,0.48,108.892
16Po3i2Kcsy74jz0lp6fdJ,Love For Sale,Cannonball Adderley,7,jazz,0.582,0.343,-8.004,0.0428,0.735,0,0.125,0.462,88.144
1J9iVCaEriyoMXpj2XszhU,When Sunny Gets Blue,McCoy Tyner,8,jazz,0.427,0.114,-22.546,0.0509,0.843,0.863,0.0966,0.114,60.484
2N7LJO1uufnSeXIwxooTzg,Donna Lee,Lee Konitz,9,jazz,0.64,0.417,-8.852,0.0558,0.727,0.00198,0.199,0.678,122.918
08rTZ8jNknn8VBS3v2o8pT,Lullaby Of The Leaves - 1998 Digital Remaster,Gerry Mulligan,10,jazz,0.439,0.082,-17.066,0.0407,0.972,0.893,0.0913,0.492,124.69
4Wdvc5xLi2ptdlDQgrVLI1,It Could Happen To You,Miles Davis Quintet,11,jazz,0.594,0.415,-9.884,0.0406,0.449,0.0000339,0.379,0.571,94.092
5Uftxvqqbi70QdCpLb0fKu,God Bless the Child,Sonny Rollins,12,jazz,0.48,0.0685,-17.1,0.0345,0.919,0.00513,0.0766,0.142,102.546
58BW9X4EEmarxjaXE6Izkw,The Girl From Ipanema,Stan Getz,13,jazz,0.66,0.124,-19.2,0.0496,0.888,0.000764,0.111,0.362,129.919
1FGP7KqNANyPi10M3PkFtY,Bags' Groove - Rudy Van Gelder 2001 - Remaster,Milt Jackson,14,jazz,0.497,0.369,-9.58,0.068,0.766,0.0000785,0.335,0.694,175.881
6qqK0oeBRapZn8f9hJJENw,Blue Bossa - 1999 - Remaster,Joe Henderson,15,jazz,0.531,0.366,-11.697,0.0496,0.911,0.88,0.0916,0.785,81.867
7m4OEcDjdVPVKRhXmnQko5,When Your Lover Has Gone,Ben Webster,16,jazz,0.507,0.0355,-22.356,0.0382,0.978,0.099,0.133,0.244,109.996
6rK27cC9hX0e1Chrnxo9Vn,My Romance,Gene Ammons,17,jazz,0.519,0.0422,-10.778,0.0537,0.966,0.929,0.124,0.397,130.436
6F03IqrLhWkGI3fRwrQ6dX,Blues In C Minor,The Modern Jazz Quartet,18,jazz,0.537,0.139,-19.863,0.0375,0.907,0.188,0.168,0.328,111.188
1eghoZLe436O2AHiZaoGVQ,There Will Never Be Another You,Lester Young,19,jazz,0.559,0.0348,-17.576,0.0484,0.989,0.231,0.0925,0.382,83.089
2hpMxW0cUf6CUoiUf8lFFh,Afrodisia - 2007 Digital Remaster,Kenny Dorham,20,jazz,0.635,0.659,-7.125,0.0637,0.887,0.456,0.128,0.93,107.862
3f0kH5GF50N7zAVbx4EWAL,Nica's Dream,Horace Silver,21,jazz,0.501,0.331,-16.005,0.0487,0.712,0.00763,0.104,0.701,128.885
2myfGe1fBz9QVr7IYZXb78,Easy Living,Clifford Brown,22,jazz,0.505,0.0865,-12.517,0.0388,0.978,0.835,0.0794,0.33,125.936
4z6d79RAbC5q0VAqPQas8W,I'll Wait And Pray,John Coltrane,23,jazz,0.475,0.0588,-17.464,0.0418,0.89,0.0238,0.129,0.241,115.642
7KZR1DItdJhanFvXt2fMPH,Dedicated To You,Freddie Hubbard,24,jazz,0.467,0.151,-15.177,0.0435,0.985,0.935,0.0965,0.107,52.088
312sPUr4rRnn47MXno3DJx,Au Privave,Miles Davis,25,jazz,0.682,0.539,-10.426,0.038,0.755,0.00113,0.0836,0.907,101.93
0F845nujLVqCb0XMZCh5Pc,I Fall In Love Too Easily - Vocal,Chet Baker,26,jazz,0.532,0.0657,-19.136,0.0406,0.94,0.00488,0.0946,0.292,128.607
21WlpZiXLelHjdoMUhHfrm,My One And Only Love - Digitally Remastered,Chick Corea,27,jazz,0.351,0.209,-23.533,0.0361,0.819,0.914,0.102,0.448,159.504
5Bl1TC8Y1qh3ui6fGSWL5a,The Shadow of Your Smile,Scott Hamilton,28,jazz,0.487,0.135,-11.211,0.0434,0.915,0.00353,0.686,0.24,105.854
5p6me2mwQrGfH30eExHn6v,Take Five,Dave Brubeck,29,jazz,0.457,0.219,-15.325,0.0385,0.545,0.00098,0.0681,0.62,168.55
60p18YXhrzLNrAaUXL8Bu6,Blue In Green (Take 3),Bill Evans,30,jazz,0.452,0.109,-19.965,0.0471,0.977,0.879,0.088,0.139,126.29
4ziNEnmyNT3AJL98nfXr0D,Blue Trombone,J.J. Johnson,31,jazz,0.466,0.395,-18.022,0.0432,0.442,0.00531,0.278,0.664,118.5
4ymHy4hzJ09WxvvT7p0Azy,You Go To My Head,Art Pepper,32,jazz,0.575,0.0935,-15.906,0.0858,0.978,0.452,0.109,0.301,65.23
1kGQzSasZr4HY5CzjHqCPG,Hymn To Freedom,Oscar Peterson Trio,33,jazz,0.568,0.118,-20.609,0.0451,0.969,0.835,0.0845,0.198,83.893
25VmzSltVSB9vwNi6fbhr7,Since I Fell For You,Lee Morgan,34,jazz,0.489,0.0792,-19.698,0.0376,0.958,0.637,0.0957,0.334,108.938
4w7EnqiLksvE6rcuR8F8bn,Django - 1999 Digital Remaster,Grant Green,35,jazz,0.653,0.368,-11.567,0.0439,0.875,0.00305,0.0972,0.249,117.161
0aEcArQsqTpErHdixEVaHj,Killer Joe,Benny Golson,36,jazz,0.501,0.374,-10.249,0.0424,0.776,0.00492,0.0858,0.232,119.936
4d3XHYFFuYYzxWr2cJ6yQl,Angel Eyes - Studio,Tommy Flanagan,37,jazz,0.487,0.145,-18.67,0.0522,0.876,0.822,0.149,0.142,110.134
5kapVb34raTBsynt0Zj6qw,Bossa Antigua,Paul Desmond,38,jazz,0.513,0.292,-18.232,0.0579,0.925,0.82,0.0824,0.566,97.087
1wl5b2lw3YagQtZiYZbQWP,'Round Midnight - 1998 Digital Remaster,Thelonious Monk,39,jazz,0.542,0.32,-9.975,0.0387,0.907,0.649,0.0609,0.206,116.648
7flQESHoCoDzirWF4IkKGq,Scrapple From The Apple,Charlie Parker,40,jazz,0.417,0.397,-11.683,0.0558,0.982,0.804,0.185,0.737,201.162
0vzC63EYz5xG1CH7U9FAqT,Four On Six,Wes Montgomery,41,jazz,0.489,0.434,-11.591,0.0327,0.873,0.195,0.116,0.668,104.138
5Ojj9lZxV5phnmhxpjnvH5,Sleepwalker's Serenade - 1994 Remastered Version,Count Basie,42,jazz,0.634,0.228,-13.676,0.0295,0.571,0.662,0.154,0.686,113.145
6f6OQJv9qjqyJq9NHin45n,Blue Ballad,Phil Woods,43,jazz,0.47,0.156,-17.036,0.0399,0.623,0.187,0.104,0.059,118.176
7dzNuRBCw16p1lHKF0vYpx,Groovin' High,Dizzy Gillespie,44,jazz,0.691,0.187,-13.79,0.0507,0.986,0.935,0.162,0.692,95.035
4fKbuhnNdYd9L0NTKECcJ5,In A Sentimental Mood,Duke Ellington,45,jazz,0.47,0.244,-13.608,0.0335,0.951,0.0509,0.109,0.264,108.154
2HptWPVFocwebcHSgJHFEo,Yams,Jackie McLean,46,jazz,0.571,0.293,-11.914,0.0385,0.828,0.179,0.112,0.23,82.745
2U7GPxcF67GYVJ1XWLNSMV,I Got It Bad AndThat Ain't Good,Zoot Sims,47,jazz,0.492,0.133,-14.821,0.0548,0.955,0.65,0.394,0.426,124.087
6m3uTgDFARRvVhgEIbMKBI,Line Up,Lennie Tristano,48,jazz,0.509,0.386,-14.09,0.0299,0.751,0,0.164,0.643,131.354
1RpkMoOomu5989qM3Ir23A,Bye Bye Blackbird,Ron Carter,49,jazz,0.541,0.238,-18.584,0.0358,0.547,0.785,0.0935,0.32,139.541
7xCzg9H6SZszRLuvVyTC5q,Star Eyes - 1999 Digital Remaster,Tina Brooks,50,jazz,0.527,0.343,-11.202,0.0534,0.738,0.00000669,0.183,0.715,89.342
5FLuHcyUiAlq2wCoqVuqUa,View,SHINee,1,k-pop,0.728,0.801,-4.428,0.0439,0.04,0,0.0415,0.656,123.953
4wAjmojVxc6Wbeca9XvnDo,I Like That,SISTAR,2,k-pop,0.564,0.867,-3.137,0.0881,0.0952,0,0.737,0.882,154.882
0YVsrgp4OOUhFuYMAVQazV,FXXK IT,BIGBANG,3,k-pop,0.72,0.746,-3.143,0.107,0.152,0,0.276,0.587,90.026
2hGubod7eM4Tbr2NK6dhE8,Super Power,Shinhwa,4,k-pop,0.688,0.768,-4.892,0.0702,0.162,0.00000224,0.119,0.681,88.025
5Rei61HA8R3TR4b0kOEINA,Crooked,G-DRAGON,5,k-pop,0.665,0.919,-3.211,0.0921,0.00191,0,0.0588,0.783,129.961
2tguz0aWPKBzqBkYtmuzon,TIAMO,T-ara,6,k-pop,0.543,0.822,-4.072,0.126,0.021,0,0.614,0.352,177.977
2jkZgKoNK8dKxs7FGb9c42,Devil,Super Junior,7,k-pop,0.773,0.865,-3.027,0.114,0.133,0,0.052,0.968,145.003
4VOySTQM7rAgem85lhM9rZ,Fiction,Beast,8,k-pop,0.66,0.866,-3.786,0.071,0.271,0,0.386,0.437,128.04
1CSceRZ3QvI4JczMF1PAil,Goodbye,2NE1,9,k-pop,0.653,0.488,-4.042,0.0328,0.329,0,0.163,0.492,151.594
0tejqLrXfsXT5SEDld8fKk,For You,BTOB,10,k-pop,0.634,0.832,-3.44,0.0355,0.237,0,0.085,0.636,79.996
0fp7yXkUbwmM8ML6sWu6HW,Chained Up,VIXX,11,k-pop,0.728,0.941,-2.044,0.188,0.0955,0,0.328,0.923,92.073
6lM6yIDZ7kxFsgQCCfaLE2,Monster,EXO,12,k-pop,0.618,0.76,-4.312,0.0596,0.0066,0,0.127,0.541,150
2klCjJcucgGQysgH170npL,4 Walls,f(x),13,k-pop,0.735,0.849,-4.308,0.129,0.212,0.0000294,0.0608,0.223,125.972
5V5m1uts8SWveTW1GuEsKC,MIRROR,MBLAQ,14,k-pop,0.569,0.771,-5.2,0.0946,0.266,0,0.131,0.483,139.715
0sYbRzhGQC0NRTVvwe8n3H,Hate,4Minute,15,k-pop,0.68,0.904,-3.871,0.146,0.0592,0,0.443,0.596,149.924
2Oltx0Zw8Tnkw23Ksdpxrc,What's Happening?,B1A4,16,k-pop,0.629,0.742,-3.57,0.0567,0.00406,0,0.168,0.667,135.026
17gohmCYDlZSYxp41xqVQ8,Lion Heart,Girls' Generation,17,k-pop,0.754,0.788,-3.175,0.0322,0.129,0.00274,0.0775,0.961,124.992
3ozrVhZSKNcv8fMRAnHIU3,Stalker,U-KISS,18,k-pop,0.827,0.778,-2.816,0.0533,0.00236,0,0.0741,0.673,116.971
24psBRmEw3kHjBGZfl1dmb,Ah-Choo,Lovelyz,19,k-pop,0.729,0.898,-1.029,0.0391,0.315,0,0.107,0.517,126.977
5ZJzPIytI1OgEYEVGx5lAo,Can You Feel It?,SUPER JUNIOR-D&E,20,k-pop,0.785,0.962,-2.683,0.137,0.236,0,0.255,0.949,128.042
3C8jNNWMJcsQLZZV5R3yTi,Twinkle,Girls' Generation-TTS,21,k-pop,0.799,0.886,-2.592,0.0486,0.257,0,0.334,0.963,110.004
6BKOhvRPY54uvfqWwg7MKi,Up & Down,EXID,22,k-pop,0.714,0.812,-2.703,0.0351,0.00189,0.00000196,0.229,0.377,112.018
60oyvXjv0nwZnRrwZvZqUm,FACE,NU'EST,23,k-pop,0.789,0.88,-3.235,0.064,0.0226,0,0.386,0.615,123.97
1jbHCJ8EtvoKfMMYy3bAlN,Mamma Mia,KARA,24,k-pop,0.697,0.927,-2.268,0.0772,0.0424,0,0.1,0.8,128.084
2OafHc3DmFE49MqNhQMi0z,Something,Girl's Day,25,k-pop,0.813,0.683,-3.813,0.0285,0.179,0,0.0748,0.668,107.95
4uwNijtRjJtSXh4gtKWybp,GOOD NIGHT (feat.REDDY),Se7en,26,k-pop,0.683,0.769,-5.929,0.109,0.199,0,0.262,0.435,100.404
2Gq8bwrWXzc1gW9g2EnHTh,Excuse Me,AOA,27,k-pop,0.744,0.852,-2.79,0.0365,0.11,0,0.0634,0.812,123.938
7AvXrOVEVRcfXxme2wo6Im, Russian Roulette,Red Velvet,28,k-pop,0.726,0.903,-2.277,0.0357,0.055,0.000225,0.158,0.958,129.986
4H0PF0pPJrD9gNBq0jjJja,White Night,UP10TION,29,k-pop,0.695,0.894,-2.202,0.135,0.0234,0,0.119,0.755,98.044
5SusX17QvBBkH7WfMbTU0j,NoNoNo,Apink,30,k-pop,0.74,0.908,-2.668,0.0327,0.106,0,0.0637,0.745,105.996
6VJhf9l4ALDquID0bN51QQ,Very Very Very,I.O.I,31,k-pop,0.745,0.965,-1.517,0.06,0.146,0.00000229,0.0796,0.766,102.994
7eztAMY4KYbJo6Rty97sgb,Thatâ€™s My Jam,B.A.P,32,k-pop,0.726,0.937,-3.288,0.173,0.0799,0,0.399,0.79,128.022
5S5gGOsUarzRXKoaSstwba,Me Like Yuh,Jay Park,33,k-pop,0.715,0.831,-6.161,0.0729,0.223,0.00000384,0.132,0.805,100.006
7ui8D91c2tfgFtGtF6LlXt,ë‹¤ì³ Hurt Locker,9 Muses,34,k-pop,0.697,0.899,-3.349,0.0946,0.172,0,0.36,0.81,121.994
4Oqm4LXiG9MekVf3fnDyPR,Press Your Number,TAEMIN,35,k-pop,0.656,0.78,-3.609,0.058,0.186,0,0.209,0.613,120.021
0Id5E2O6g3IlGtsl4BDStY,Wedding Dress,TaeYang,36,k-pop,0.728,0.669,-4.73,0.0346,0.122,0,0.129,0.707,133.961
5zbxw72g850H4fNMFEO7PC,Someone Like U,Dalshabet,37,k-pop,0.742,0.971,-1.687,0.0671,0.3,0,0.04,0.964,121.005
2kl3pn4Xhvx5Tvs8T9wNqt,JANUS,BOYFRIEND,38,k-pop,0.518,0.947,-3.447,0.0781,0.0113,0,0.129,0.743,94.012
2JTjDYA0vfx8sp5XMTbeqU,Hobgoblin,CLC,39,k-pop,0.621,0.873,-2.888,0.103,0.0194,0,0.488,0.401,169.91
7czyJpFnAl18Bwye8wETky,RHYTHM TA,iKON,40,k-pop,0.762,0.819,-4.459,0.0897,0.129,0,0.334,0.606,81.981
1su62pO1ShAp7F4JlY5vuo,Rocking,Teen Top,41,k-pop,0.695,0.976,-3.241,0.103,0.0186,0,0.11,0.785,128.047
6gorwqDJ7bsdCHcVs5uS9u,HERO,Monsta X,42,k-pop,0.683,0.893,-3.086,0.162,0.0754,0,0.226,0.909,146.082
6eqX1nvFkgyumsATfnq6bo,Venus,HELLOVENUS,43,k-pop,0.66,0.94,-1.017,0.162,0.045,0,0.285,0.67,146.061
4tSGhf2TB2t6jKlW8rN4Px,Wonderland,Jessica,44,k-pop,0.68,0.921,-2.266,0.211,0.231,0,0.39,0.64,103.992
0GqvfTRhP8HUn16mQx5Hxi,Vibrato,Stellar,45,k-pop,0.699,0.944,-2.907,0.166,0.11,0,0.735,0.853,115.96
7lJAe9Ykt39TZKYyDHqPk8,í• ë§ ìžˆì–´ìš” Gotta Talk to U,SEUNGRI,46,k-pop,0.745,0.704,-5.444,0.0351,0.119,0,0.277,0.752,127.997
4ohFoNx1yHERjm06A0h2s8,Liar Liar,OH MY GIRL,47,k-pop,0.7,0.907,-3.09,0.0531,0.155,0,0.311,0.774,100.055
1OIb1AalkGikhzCRbWgchd,Secret,WJSN,48,k-pop,0.692,0.969,-3.213,0.0678,0.167,0,0.301,0.762,111.495
7n5eQJYX7e6H5gkzgyEfQG,Can You Hear My Heart (feat. LEE HI),Epik High,49,k-pop,0.694,0.592,-6.406,0.0367,0.742,0,0.124,0.305,95.047
45qSSH075SHoIV9cSn2wZK,Will You Kiss Me,G.NA,50,k-pop,0.631,0.774,-3.947,0.0523,0.259,0,0.222,0.336,91.994
55tGzbf7CA1fnnlTy8HgDX,The Pale King,Testament,1,metal,0.248,0.979,-4.483,0.0785,0.0000467,0.216,0.27,0.298,156.015
0QMfoF1pm0nzVkvojPfrzN,Run to the Hills - 1998 Remastered Version,Iron Maiden,2,metal,0.224,0.954,-4.646,0.0912,0.00788,0.000524,0.235,0.48,173.191
2hsNfW4fcDhQtXiyMEGvUc,A Dangerous Meeting,Mercyful Fate,3,metal,0.284,0.98,-3.642,0.0889,0.016,0.734,0.36,0.368,138.506
01Mpj13vURSO3cCLprPt5T,Raining Blood,Slayer,4,metal,0.227,0.995,-4.383,0.168,0.000489,0.331,0.128,0.0379,88.777
3OIUJqlQTntHtsp13FqDd2,Satan Is Real,Kreator,5,metal,0.43,0.968,-4.551,0.0775,0.000041,0.0409,0.12,0.255,101.59
7nBtCYzGh2hPwJGzUiDc4a,Mean,Anvil,6,metal,0.327,0.98,-4.436,0.0971,0.0000321,0.0152,0.0895,0.441,198.987
13Ntmgf2zirinJEJy4s5jb,I Want Out,Helloween,7,metal,0.477,0.859,-8.625,0.0387,0.000333,0.000155,0.265,0.629,91.009
2dbOYFfS7r7NAzquRvji9A,Balls to the Wall,Accept,8,metal,0.544,0.739,-7.383,0.0517,0.00392,0.000143,0.168,0.328,118.287
6OSyCAmXT4Gkd3OQ2aPOaF,Silent Lucidity - 2003 - Remaster,QueensrÃ¿che,9,metal,0.462,0.628,-5.659,0.0274,0.0534,0.00025,0.12,0.0981,140.049
2Q6Knqq0R7baKPuo0bgMCU,Princess of the Night,Saxon,10,metal,0.33,0.841,-5.303,0.0562,0.000292,0.000262,0.061,0.672,106.807
0dpFb4qv92TE9R00Lq4SAW,Symbolic,Death,11,metal,0.364,0.982,-7.034,0.195,0.0000665,0.0124,0.163,0.127,113.772
3VAwkPP43h8WrPuvszXTsl,Abigail (Reissue),King Diamond,12,metal,0.318,0.937,-5.248,0.0621,0.00154,0.765,0.354,0.576,146.75
3iC3Numiy9P3AkF7iioKmx,Wild Child,W.A.S.P.,13,metal,0.372,0.857,-7.816,0.0461,0.0604,0.0000942,0.187,0.389,146.084
57fqmDaokbxZ3TaB0jp39q,Holy Diver,Dio,14,metal,0.476,0.901,-6.751,0.0975,0.0642,0.158,0.0557,0.109,91.955
2RaA6kIcvomt77qlIgGhCT,Breaking the Law,Judas Priest,15,metal,0.362,0.961,-5.664,0.0857,0.024,0.00000935,0.159,0.491,164.019
56uiDIiXz2sRoQ0AXq84aI,Metal On Metal,Anvil,16,metal,0.459,0.923,-6.081,0.0709,0.0000919,0.00000146,0.454,0.548,119.838
25kORdST1xzG4WXOnzJCKV,Can U Deliver,Armored Saint,17,metal,0.498,0.858,-9.48,0.0564,0.0299,0,0.106,0.437,151.698
6XtMQPqCeAgv2gVD65LDDy,Narcosynthesis,Nevermore,18,metal,0.497,0.991,-4.484,0.0732,0.0000529,0.00119,0.0999,0.234,135.014
4E5xVW505akJX0wcKj8Mpd,Tornado Of Souls - 2004 Digital Remaster,Megadeth,19,metal,0.519,0.982,-3.547,0.108,0.00203,0.00055,0.0971,0.361,97.745
5Nodfi0wQT9QANl0KlAo7B,Black Star,Carcass,20,metal,0.348,0.923,-3.543,0.0623,0.0000326,0.0862,0.183,0.391,106.152
07thLbY0eGli2xWWIPdrN2,Watching Over Me - Remixed & Remastered,Iced Earth,21,metal,0.508,0.852,-7.842,0.0718,0.00134,0,0.363,0.184,129.174
70sD5g3kfosobyow3cVTuY,Master of Confusion,Gamma Ray,22,metal,0.487,0.989,-3.945,0.0799,0.0013,0.000103,0.344,0.27,98
5ZOOjqoCaUydmo8bxSdosj,The Toxic Waltz,Exodus,23,metal,0.262,0.988,-4.922,0.253,0.00655,0.897,0.132,0.227,91.319
76BYv24CcZt2u94JRjmATX,Madhouse,Anthrax,24,metal,0.329,0.885,-10.661,0.0904,0.0242,0.00433,0.735,0.481,163.538
2fed1yXI1clOEddfGyKyH2,Locust,Machine Head,25,metal,0.352,0.956,-3.634,0.149,0.0000751,0.0203,0.125,0.228,122.897
1JvMOOYZjXLQCZ5p5b0JJD,Visions in My Head,Obituary,26,metal,0.5,0.89,-5.897,0.0859,0.00000771,0.00307,0.112,0.174,130.03
1j06ieEC2BOCM0fTmYhn2l,Alone Again,Dokken,27,metal,0.298,0.612,-9.002,0.0379,0.0194,0.0000967,0.0906,0.343,156.727
2SgbR6ttzoNlCRGQOKjrop,Cowboys From Hell,Pantera,28,metal,0.415,0.908,-9.701,0.0765,0.00437,0.0345,0.082,0.437,114.816
2b9lp5A6CqSzwOrBfAFhof,Crazy Train - Remastered,Ozzy Osbourne,29,metal,0.453,0.905,-4.001,0.115,0.36,0.000569,0.26,0.474,137.571
0ptyB7zQ0J1uqein1X1E8I,Curse the Gods,Destruction,30,metal,0.299,0.991,-3.061,0.0889,0.00000168,0.659,0.0745,0.503,102.998
2OoS1aZFAFscH1cUiKlazH,Refuse / Resist,Sepultura,31,metal,0.475,0.953,-6.951,0.15,0.000291,0.00338,0.104,0.232,118.033
6FBmHx1FuaSnTnnnaThgbF,Cum on Feel the Noize,Quiet Riot,32,metal,0.441,0.908,-4.627,0.115,0.000183,0.00328,0.0612,0.632,145.439
0qgrrDnUUhyxpxbBznUnzg,18 And Life,Skid Row,33,metal,0.466,0.648,-11.101,0.028,0.0023,0.0000149,0.112,0.305,90.435
3lJqE5AKrrFDFdhDyB0kqx,Swords And Tequila,Riot,34,metal,0.347,0.939,-9.239,0.0648,0.0000889,0.0000381,0.232,0.356,89.401
1Y373MqadDRtclJNdnUXVc,Paranoid,Black Sabbath,35,metal,0.412,0.658,-12.051,0.0708,0.0000452,0.000774,0.176,0.454,163.071
1RJfhgykgVJBNKJ4bEqCeS,Are You Dead Yet,Children Of Bodom,36,metal,0.466,0.954,-3,0.0496,0.00000724,0.269,0.306,0.323,96.023
4nm9rEC2KiKeQFq3LbDfM0,Rebellion (The Clans Are Marching),Grave Digger,37,metal,0.398,0.828,-5.507,0.0618,0.0015,0.00281,0.302,0.189,131.848
0WZZENH0kt3O2cBE8q5IRq,War Eternal,Arch Enemy,38,metal,0.445,0.98,-4.369,0.0731,0.0000245,0.163,0.129,0.285,155.045
4HlVUapocBDBqkPtET2knz,Atoma,Dark Tranquillity,39,metal,0.413,0.969,-4.91,0.0822,0.000159,0.344,0.18,0.179,75.026
6LSDAtJAhkoNriP0HVKYJh,No Hope in Sight,Paradise Lost,40,metal,0.425,0.912,-3.503,0.0465,0.0000492,0.584,0.339,0.427,84.05
7Avgj5DFNgDAOxlLts53Cd,The Moth,Death Angel,41,metal,0.334,0.976,-3.756,0.0691,0.00046,0.0732,0.089,0.329,95.311
1AR2VBeuqLQJYgsF33Pbgv,It's Electric,Diamond Head,42,metal,0.469,0.762,-12.566,0.0384,0.0000761,0.118,0.101,0.751,90.853
57ksenFZL6ipDlpls2cq0Q,Charging the Void,Vektor,43,metal,0.519,0.998,-4.631,0.192,0.0000141,0.000382,0.112,0.107,100.039
2Wu6LMO0Rx6Aa4LPHH1T95,Agent Orange,Sodom,44,metal,0.262,0.988,-4.939,0.117,0.0000163,0.733,0.21,0.259,113.663
7G83ZwD2msTtFaBQExc8QB,Institutionalized,Suicidal Tendencies,45,metal,0.358,0.804,-8.534,0.302,0.0404,0,0.111,0.625,91.842
52p7YvOmvdCG714prT2Peo,Last Man Standing,Hammerfall,46,metal,0.533,0.803,-6.702,0.0376,0.0447,0,0.392,0.165,109.998
54cBqIDAX3dH5Ys1DKgDWR,Eaten,Bloodbath,47,metal,0.407,0.967,-4.213,0.0576,0.0000996,0,0.103,0.198,147.999
34LXW73avo8xz0NLiVuiow,Metal Church,Metal Church,48,metal,0.428,0.947,-8.516,0.0751,0.000679,0.0563,0.262,0.223,102.335
3D1mFqa1AJNGgSD5wKnwVc,Evolution (The Grand Design),Symphony X,49,metal,0.351,0.948,-6.058,0.0941,0.0213,0.0000478,0.193,0.227,158.15
5bKD8llj8BPQ3GJ7QckFJn,(Empty) Tankard,Tankard,50,metal,0.325,0.996,-2.95,0.096,0.0000199,0.0389,0.186,0.354,120.013
3TGRqZ0a2l1LRblBkJoaDx,Call Me Maybe,Carly Rae Jepsen,1,pop,0.783,0.58,-6.548,0.0408,0.0114,0.00000228,0.108,0.66,120.021
5pD9x23lsoQr464mlmaKNJ,Chained To The Rhythm,Katy Perry,2,pop,0.451,0.809,-5.327,0.141,0.073,0,0.201,0.481,189.888
4Ce37cRWvM1vIGGynKcs22,Starving,Hailee Steinfeld,3,pop,0.728,0.616,-4.238,0.0645,0.378,0,0.105,0.508,99.962
0HVj61S4pQJdQhgZP61G65,I Would Like,Zara Larsson,4,pop,0.486,0.713,-3.949,0.0524,0.0853,0,0.0839,0.297,121.028
6E11E0lT5Zy7yb6iT3y8DN,Want U Back,Cher Lloyd,5,pop,0.694,0.891,-2.94,0.0949,0.0562,0,0.561,0.563,97.939
3tJ4y2Zqx6gM9xOAuFfsSF,Cool Girl,Tove Lo,6,pop,0.674,0.694,-7.076,0.109,0.313,0.00000717,0.0752,0.203,101.993
3lSDIJ2abCrOdDJ6pshUap,Close,Nick Jonas,7,pop,0.654,0.623,-5.273,0.082,0.253,0,0.144,0.401,123.996
1i1rNVtxbE7rdFfpHuNq2j,Hold My Hand,Jess Glynne,8,pop,0.642,0.823,-5.717,0.0289,0.00159,0,0.0776,0.431,122.977
3qRHCvn70YpVFFkx3lrAYf,Body on Me,Rita Ora,9,pop,0.636,0.741,-5.436,0.041,0.0132,0,0.287,0.53,88.999
7oGZAicScQt96OAW4AruYy,Want to Want Me,Jason Derulo,10,pop,0.772,0.68,-5.508,0.0629,0.00906,0,0.109,0.656,114.025
0puf9yIluy9W0vpMEUoAnN,Bang Bang,Jessie J,11,pop,0.706,0.786,-3.417,0.091,0.26,0,0.38,0.751,150.028
1DqdF42leyFIzqNDv9CjId,Dynamite,Taio Cruz,12,pop,0.754,0.804,-3.177,0.0853,0.00332,0,0.0329,0.818,119.968
1X1DWw2pcNZ8zSub3uhlNz,Hall of Fame,The Script,13,pop,0.511,0.873,-4.343,0.0564,0.0654,0,0.123,0.629,84.786
6t2ubAB4iSYOuIpRAOGd4t,Cake,Flo Rida,14,pop,0.786,0.854,-4.247,0.0523,0.0729,0.00000163,0.179,0.687,105.078
31t0ATifZW5CW3XP2QUsUW,All Night,The Vamps,15,pop,0.564,0.768,-6.431,0.0342,0.00262,0,0.324,0.362,144.971
6yIdwnpDHufLWgQcveTPMk,"I Donâ€™t Wanna Live Forever (Fifty Shades Darker) - From ""Fifty Shades Darker (Original Motion Picture Soundtrack)""",ZAYN,16,pop,0.735,0.451,-8.374,0.0585,0.0631,0.000013,0.325,0.0862,117.973
0AKejOKlGdiB53QpwAeenO,Don't Wanna Know,Maroon 5,17,pop,0.777,0.627,-6.142,0.0792,0.356,0,0.0956,0.444,100.054
0Zx8khUcEfCFK2AEoIhC92,Don't Leave,Snakehips,18,pop,0.657,0.703,-3.402,0.0753,0.222,0,0.256,0.338,122.381
6mnjcTmK8TewHfyOp3fC9C,Die Young,Kesha,19,pop,0.711,0.7,-4.805,0.046,0.00498,0.000125,0.215,0.801,128.001
0rFOs9paloAvEtzwDX1Kmc,Bubbly,Colbie Caillat,20,pop,0.697,0.474,-6.663,0.0351,0.603,0,0.11,0.249,127.904
2wqaekenSQZm7hxQOYt8oE,Am I Wrong,Nico & Vinz,21,pop,0.725,0.68,-5.465,0.0306,0.162,0.00000213,0.158,0.76,119.939
2Ow4Pmi0VOOLvbmJ8V70qo,How To Be A Heartbreaker,Marina and the Diamonds,22,pop,0.69,0.897,-4.696,0.0506,0.0142,0,0.108,0.849,140.05
1FUViuNSldssMIawrOXF2i,I Got You,Bebe Rexha,23,pop,0.609,0.887,-4.749,0.0507,0.0504,0.00000476,0.09,0.316,97.99
76hfruVvmfQbw0eYn1nmeC,Cake By The Ocean,DNCE,24,pop,0.774,0.753,-5.446,0.0517,0.152,0,0.0371,0.896,119.002
7AVF7kutqdQyamkw6q4d7x,F*** Apologies. (feat. Wiz Khalifa),JoJo,25,pop,0.522,0.577,-6.782,0.309,0.0234,0,0.15,0.386,191.662
1hGy2eLcmC8eKx7qr1tOqx,Beautiful Girls - Radio Edit,Sean Kingston,26,pop,0.762,0.661,-6.075,0.0687,0.15,0,0.256,0.769,130.009
7dZ1Odmx9jWIweQSatnRqo,Million Reasons,Lady Gaga,27,pop,0.666,0.423,-8.012,0.043,0.494,0,0.106,0.154,129.89
4sPrcMhXm8jYmp2VaELp6b,Best Day of My Life,Pixie Lott,28,pop,0.727,0.687,-7.803,0.027,0.000325,0.00131,0.0542,0.643,99.982
0y8Wf6ltWpGCpgqVa21QNX,After The Afterparty (feat. Lil Yachty),Charli XCX,29,pop,0.653,0.794,-3.828,0.0894,0.121,0,0.365,0.645,93.008
3AGOgQzp0YcPH41u9p7dOp,Glad You Came,The Wanted,30,pop,0.61,0.841,-4.579,0.0692,0.056,0.00000985,0.118,0.431,126.889
5nJWME6j2dfFSm5B6ayDrw,Grow Up,Olly Murs,31,pop,0.571,0.719,-3.914,0.0655,0.279,0,0.0891,0.511,167.339
1pKeFVVUOPjFsOABub0OaV,Side To Side,Ariana Grande,32,pop,0.65,0.736,-5.84,0.229,0.0528,0,0.235,0.613,159.173
1QNoKVgA758HFLu3TW2q7R,Kill Em With Kindness,Selena Gomez,33,pop,0.757,0.884,-5.488,0.0404,0.00795,0.0000587,0.0973,0.398,120.012
2hgzdQdnfWwtdpZbhZlV72,Ain't Your Mama,Jennifer Lopez,34,pop,0.757,0.678,-5.529,0.233,0.0472,0.00000914,0.0654,0.82,120.075
4tCtwWceOPWzenK2HAIJSb,Work from Home,Fifth Harmony,35,pop,0.803,0.585,-5.861,0.0432,0.103,0.00000394,0.0644,0.593,105.017
4nMlau89VAjmV7agkl7OY3,Fresh Eyes,Andy Grammer,36,pop,0.822,0.544,-6.797,0.0332,0.562,0.000024,0.144,0.861,122.047
6FE2iI43OZnszFLuLtvvmg,Classic,MKTO,37,pop,0.72,0.791,-4.689,0.124,0.0384,0,0.157,0.756,102.071
0HMjXBAZmSYOTTi33WpMso,History,One Direction,38,pop,0.655,0.699,-4.421,0.0493,0.0352,0,0.064,0.802,86.704
519tXYJVcrpEMqV2BMbh6E,No Air,Jordin Sparks,39,pop,0.466,0.759,-4.978,0.199,0.0521,0,0.0587,0.328,160.033
6I9VzXrHxO9rA9A5euc8Ak,Toxic,Britney Spears,40,pop,0.774,0.838,-3.914,0.114,0.0249,0.025,0.242,0.924,143.04
0Wb7BfZSx0Tuo6om9M4q4N,Fight For This Love,Cheryl,41,pop,0.737,0.742,-5.841,0.0909,0.0135,0,0.0691,0.761,122.99
3f3omU8n47Mqyab5nCaGyT,Because of You,Kelly Clarkson,42,pop,0.583,0.584,-5.362,0.0314,0.254,0,0.123,0.136,140.039
6f3Kn4QtwZPU2IvwwDSbLF,La Da Dee,Cody Simpson,43,pop,0.657,0.828,-5.544,0.0728,0.00847,0,0.326,0.566,115.954
1GCbc1vpkZA2zhjsSFhmHT,Fuck You,Lily Allen,44,pop,0.775,0.904,-4.08,0.0437,0.0271,0.000303,0.06,0.84,130.009
3BxWKCI06eQ5Od8TY2JBeA,Buttons,The Pussycat Dolls,45,pop,0.57,0.821,-4.38,0.267,0.178,0,0.289,0.408,210.857
5Ua3GXyHwiSfpNTMjq6m2z,Touch,Little Mix,46,pop,0.607,0.718,-4.095,0.0978,0.032,0,0.403,0.551,101.821
4KTtYhxFtFL7mBwnjkKfLm,Glamorous,Fergie,47,pop,0.81,0.755,-6.408,0.199,0.291,0,0.0857,0.625,130.991
7xrA11O07xo57Bbg6p4hck,Body Say,Demi Lovato,48,pop,0.628,0.74,-4.836,0.0358,0.00415,0,0.277,0.257,86.983
37f4ITSlgPX81ad2EvmVQr,Fight Song,Rachel Platten,49,pop,0.564,0.714,-4.987,0.129,0.0549,0,0.155,0.33,175.924
6brl7bwOHmGFkNw3MBqssT,So Sick,Ne-Yo,50,pop,0.452,0.574,-8.336,0.31,0.246,0,0.189,0.58,92.791
6mz1fBdKATx6qP4oP1I65G,Pony,Ginuwine,1,r&b,0.749,0.605,-9.359,0.086,0.00186,0.0381,0.115,0.966,142.024
1DFPibRb9RU3yfM3wOLdDT,Tru,Lloyd,2,r&b,0.539,0.545,-5.775,0.0721,0.196,0,0.101,0.144,73.08
6zMUIb4uce1CzpbjR3vMdN,Foolish,Ashanti,3,r&b,0.665,0.695,-5.763,0.0532,0.347,0,0.106,0.707,90.119
6TlRNJaezOdzdECnQeRuMM,Bed,J. Holiday,4,r&b,0.684,0.606,-7.268,0.0504,0.17,0,0.058,0.723,127.901
3ibKnFDaa3GhpPGlOUj7ff,Let Me Love You,Mario,5,r&b,0.656,0.578,-8.97,0.0922,0.235,0,0.118,0.556,94.514
56z2qI0gKcPthQF6l8AW3E,Bust Your Windows,Jazmine Sullivan,6,r&b,0.683,0.664,-4.233,0.0332,0.538,0,0.0671,0.866,106.991
58FUwmyGUqkt53YPUcm7cJ,Knock You Down,Keri Hilson,7,r&b,0.588,0.877,-4.78,0.16,0.00952,0,0.171,0.645,155.165
2YegxR5As7BeQuVp2U6pek,Be Without You - Kendu Mix,Mary J. Blige,8,r&b,0.724,0.705,-5.859,0.112,0.067,0,0.262,0.662,146.589
4eFBeXmhkXOo8dUgMqyKfS,You,Keyshia Cole,9,r&b,0.626,0.617,-3.712,0.207,0.0213,0,0.0602,0.315,177.076
45wneA2j0Z0WMnYNDO6Ad0,Back & Forth,Aaliyah,10,r&b,0.706,0.727,-8.06,0.0317,0.0698,0.00000531,0.115,0.903,92.938
3B7i9OKRRmIsSBHEbJz58Y,Grind With Me,Pretty Ricky,11,r&b,0.7,0.538,-5.952,0.045,0.000204,0,0.105,0.189,136.518
4Cv5dkUBqepa0siwGREihD,Motivation,Kelly Rowland,12,r&b,0.735,0.679,-5.588,0.0431,0.18,0.000198,0.0766,0.264,140.858
78TDcQdrcTCDssdnGRZFbY,When We Party (feat. Snoop Dogg),Faith Evans,13,r&b,0.697,0.782,-5.901,0.289,0.0312,0,0.0651,0.629,103.828
3lqT89gv8p3PYwXtr3ODjv,I Wish,Carl Thomas,14,r&b,0.736,0.666,-4.929,0.0337,0.0593,0.0000382,0.107,0.224,89.824
71EHOyEOhNx1SzTebRRyng,Weak,SWV,15,r&b,0.693,0.533,-10.954,0.0402,0.107,0,0.0695,0.568,127.661
6YdEfXtj0YI5IbiJqVyT1c,They Don't Know,Jon B.,16,r&b,0.697,0.402,-10.358,0.0476,0.614,0.00000335,0.0757,0.556,125.822
6Q13UWFUuqXLXT7IUVkqM1,Makin' Good Love,Avant,17,r&b,0.794,0.634,-3.819,0.0381,0.245,0,0.2,0.736,142.254
1wyNvV8uXr35T8ChEypf8n,Un-Break My Heart,Toni Braxton,18,r&b,0.61,0.41,-9.215,0.0317,0.442,0,0.113,0.116,109.962
6ctr1K7KzKErxbfGAynL8A,I Wanna Know,Joe,19,r&b,0.724,0.485,-5.919,0.0376,0.256,0.0000135,0.416,0.581,136.057
6sHsXIJoEN5JpdkGMQDJxt,The Boy Is Mine,Brandy,20,r&b,0.704,0.707,-6.537,0.0391,0.539,0.00106,0.318,0.761,93.145
3kVIFDE3G89I2RPVkiRaRj,Cupid,112,21,r&b,0.685,0.38,-11.219,0.112,0.373,0,0.0371,0.87,175.562
0fgZUSa7D7aVvv3GfO0A1n,Post To Be (feat. Chris Brown & Jhene Aiko),Omarion,22,r&b,0.733,0.676,-5.655,0.0432,0.0697,0,0.208,0.701,97.448
0xiuSFBOEHWaJ6rSuUbJWc,Charlene,Anthony Hamilton,23,r&b,0.556,0.346,-9.809,0.311,0.536,0,0.106,0.451,123.869
6brl7bwOHmGFkNw3MBqssT,So Sick,Ne-Yo,24,r&b,0.679,0.574,-8.336,0.31,0.246,0,0.189,0.58,92.791
4bkhs6spQvVnVJAlXuKR6a,Touchin,112,25,r&b,0.813,0.58,-6.724,0.0746,0.0405,0.00000845,0.349,0.443,100.045
6BIcjFZIVDZxNAcofRFPx4,So Gone,Monica,26,r&b,0.618,0.552,-6.863,0.0981,0.176,0,0.252,0.586,81.975
17YVl4TzNHQlHIyokvt1TD,Code Blue,The-Dream,27,r&b,0.632,0.564,-7.042,0.0309,0.0539,0.0000243,0.291,0.134,126.9
5xE7sFTlv2yrG9mmhDSpdq,Come And Talk To Me Remix,Jodeci,28,r&b,0.72,0.657,-6.823,0.295,0.0262,0.00000233,0.209,0.657,172.168
5xjTqz4aYQeBnFhwMPmfx9,Kickinâ€™ Back,Mila J,29,r&b,0.703,0.669,-7.002,0.0648,0.31,0,0.115,0.546,115.139
1PmHkalaUHhh0fz23SBHDL,Let's Get Married,Jagged Edge,30,r&b,0.761,0.627,-5.554,0.0538,0.175,0,0.128,0.891,109.821
5Mmk2ii6laakqfeCT7OnVD,Thong Song,Sisqo,31,r&b,0.706,0.888,-6.959,0.0654,0.119,0.0000964,0.07,0.714,121.549
3OQu3z3okKVmWxSXTTHak5,Put That Woman First,Jaheim,32,r&b,0.649,0.536,-8.804,0.132,0.492,0,0.184,0.513,78.935
5CdJveJgiGXoGwDFqF6afp,Freak Me,Silk,33,r&b,0.697,0.608,-10.976,0.0463,0.0295,0,0.276,0.725,133.879
0rFZaQ4crlGAzuCjWCQ2xu,Body Party,Ciara,34,r&b,0.577,0.576,-6.299,0.0563,0.0143,0,0.602,0.12,133.973
3oQ5kA2PGJlztciJk3SKA0,Epiphany (I'm Leaving),Chrisette Michele,35,r&b,0.727,0.676,-4.556,0.25,0.304,0,0.5,0.391,163.021
4zYTZvtcww7OWKie7fxA9E,Hit 'Em Up Style (Oops!) - Remix Radio Mix,Blu Cantrell,36,r&b,0.667,0.773,-4.983,0.0586,0.201,0,0.404,0.667,89.976
3c6afiysmB7OnxQzzSqRfD,So Into You,Tamia,37,r&b,0.656,0.479,-7.055,0.0348,0.0665,0.00272,0.168,0.708,184.374
69QIVIjPMnI1ABLBqh9P1b,Twisted,Keith Sweat,38,r&b,0.615,0.514,-9.759,0.0466,0.393,0,0.248,0.822,175.849
4HDocpXZ4hk3Alhlow5kW5,Touch Me Tease Me,Case,39,r&b,0.656,0.757,-7.777,0.0595,0.29,0.00000337,0.0982,0.495,87.604
68vgtRHr7iZHpzGpon6Jlo,My Boo,Usher,40,r&b,0.662,0.507,-8.238,0.118,0.257,0,0.0465,0.676,86.412
5d4l67BejhQZ9uQtTCfYfL,Before I Do,Sevyn Streeter,41,r&b,0.66,0.532,-6.847,0.071,0.204,0,0.113,0.635,79.035
125dAqUSmX1nOG50fBz9vb,Beauty,Dru Hill,42,r&b,0.725,0.278,-14.345,0.0704,0.588,0,0.0869,0.489,119.788
1ak0S3NhwWrUgNlQhJ1412,Case Of The Ex (Whatcha Gonna Do),MÃ½a,43,r&b,0.774,0.684,-4.721,0.0408,0.0687,0.0000934,0.0765,0.354,98.001
2ezqQeBiC72gwMJoO4w1hA,Every Time I Close My Eyes,Babyface,44,r&b,0.654,0.417,-7.699,0.025,0.0624,0,0.0963,0.279,143.676
3SfZpKjMwvUQKGCty1dJ0T,"Slow Down - 12"" Version",Bobby V.,45,r&b,0.563,0.746,-4.832,0.101,0.17,0.00000558,0.338,0.598,186.118
5EpdvRM97d8JBlvCz1V6gM,Already Knew That,Ro James,46,r&b,0.732,0.747,-4.443,0.0571,0.722,0,0.267,0.48,106.018
2uZwyxrg6VPvlVsvclIfel,Where I Wanna Be,Donell Jones,47,r&b,0.664,0.396,-9.131,0.0298,0.52,0,0.268,0.453,102.053
7H6ev70Weq6DdpZyyTmUXk,Say My Name,Destiny's Child,48,r&b,0.713,0.678,-3.525,0.102,0.273,0,0.149,0.734,138.009
0DdpxWfVvUGgkJv5536tiF,Sexy Can I feat. Yung Berg,Ray J,49,r&b,0.575,0.684,-6.007,0.325,0.299,0,0.614,0.926,172.155
6y7JGli1CNRmvERJitUern,Just Friends (Sunny),Musiq Soulchild,50,r&b,0.754,0.376,-7.561,0.204,0.404,0,0.358,0.554,95.018
59e7E2LMPZ2bhW5G6aCwX8,Crazy Brazy,A$AP Mob,1,rap,0.755,0.629,-8.284,0.312,0.32,0,0.126,0.591,143.083
03tqyYWC9Um2ZqU0ZN849H,No Hands [feat. Roscoe Dash and Wale],Waka Flocka Flame,2,rap,0.76,0.595,-6.366,0.0391,0.00544,0,0.241,0.361,131.497
10I3CmmwT0BkOVhduDy53o,Really Really,Kevin Gates,3,rap,0.762,0.666,-6.055,0.0916,0.00427,0,0.127,0.278,118.97
6aRlUgqcLgrxQE3RMngjN5,Good Drank,2 Chainz,4,rap,0.813,0.763,-1.199,0.281,0.281,0,0.107,0.362,130.074
7wqSzGeodspE3V6RBD5W8L,See You Again (feat. Charlie Puth),Wiz Khalifa,5,rap,0.689,0.481,-7.503,0.0815,0.369,0.00000103,0.0649,0.283,80.025
20dP2DaMHIAmwWAbp7peSr,pick up the phone,Young Thug,6,rap,0.711,0.739,-3.804,0.129,0.114,0,0.226,0.43,136.919
3rMyMv8EjKXoPnaRo2hdJN,Stuntin' Like My Daddy - Street,Birdman,7,rap,0.71,0.881,-6.648,0.0398,0.00908,0,0.162,0.809,160.011
3tvWMBIblzT5FSjKtIeRR1,Whatever You Like,T.I.,8,rap,0.68,0.687,-6.162,0.0709,0.0161,0,0.261,0.467,150.053
5tFep7dXGd7vEJ668wTPux,Both (feat. Drake),Gucci Mane,9,rap,0.85,0.405,-7.509,0.225,0.119,0.000118,0.0707,0.344,139.976
0rHJxNaQRMGK6Y4TUx3xRO,Castro,Yo Gotti,10,rap,0.79,0.544,-6.624,0.368,0.643,0,0.13,0.467,146.077
66TRwr5uJwPt15mfFkzhbi,Crank That (Soulja Boy),Soulja Boy,11,rap,0.736,0.74,-2.18,0.0786,0.515,0,0.0468,0.803,140.141
2yJ9GVCLMmzBBfQAnfzlwr,THat Part,ScHoolboy Q,12,rap,0.927,0.535,-7.59,0.0911,0.0855,0,0.136,0.336,112.96
0uFvvXbmGIXlf5ZgtHyYpf,Bugatti,Ace Hood,13,rap,0.6,0.592,-4.947,0.0545,0.0191,0,0.0955,0.0663,130.205
5NQbUaeTEOGdD6hHcre0dZ,679 (feat. Remy Boyz),Fetty Wap,14,rap,0.618,0.717,-5.738,0.318,0.00256,0,0.625,0.603,190.05
6lV2MSQmRIkycDScNtrBXO,Airplanes (feat. Hayley Williams of Paramore),B.o.B,15,rap,0.66,0.867,-4.285,0.116,0.11,0,0.0368,0.377,93.033
1hWYT0w2R0J19rlVkiez7X,Battle Scars,Lupe Fiasco,16,rap,0.517,0.811,-4.526,0.286,0.186,0,0.105,0.494,168.269
5ByAIlEEnxYdvpnezg7HTX,Juicy,The Notorious B.I.G.,17,rap,0.887,0.818,-4.639,0.253,0.47,0,0.179,0.782,96.063
7DTlsMOQjGysXHpwwpHuPl,Lifestyle,Rich Gang,18,rap,0.546,0.667,-5.236,0.274,0.0152,0,0.0895,0.471,87.666
0kPgn96FXEO9Bnz9QN1Tc0,We In Da City,Young Dro,19,rap,0.737,0.673,-5.381,0.0682,0.000233,0,0.092,0.266,139.985
1FvU97lrWOG2NRxErh6OZz,Bad and Boujee (feat. Lil Uzi Vert),Migos,20,rap,0.897,0.661,-6.2,0.27,0.0633,0,0.116,0.193,127.081
5IZc3KIVFhjzJ0L2kiXzUl,Promise,Kid Ink,21,rap,0.797,0.469,-8.112,0.0646,0.0599,0,0.0753,0.481,103.057
3JEzGRDUsozrehZTq3dKE8,All Eyez (feat. Jeremih) - Bonus Track,The Game,22,rap,0.419,0.655,-6.679,0.247,0.0571,0,0.0962,0.353,76.835
32UioUCnMFsr2UN7SvDyXj,Slow Jamz,Twista,23,rap,0.569,0.744,-5.757,0.181,0.369,0,0.256,0.59,145.063
3hQCHzkE5oSA3F1xM8bpcM,Hustlin',Rick Ross,24,rap,0.502,0.652,-7.224,0.3,0.0848,0,0.0675,0.648,136.08
5J5PXmMdQ2nh1lZOal8KmK,Litty (feat. Tory Lanez),Meek Mill,25,rap,0.592,0.701,-4.014,0.0858,0.0451,0,0.327,0.282,129.501
2c8sgbZoEanC3QyFNZxUcA,Flexicution,Logic,26,rap,0.782,0.713,-6.576,0.0899,0.0619,0.00125,0.108,0.68,159.839
6Y9kdB2O0h9gq9y2vclsWT,Shorty Wanna Ride,Young Buck,27,rap,0.582,0.621,-6.183,0.283,0.00317,0,0.111,0.331,179.458
4hrae8atte6cRlSC9a7VCO,Always On Time,Ja Rule,28,rap,0.839,0.706,-6.104,0.199,0.208,0,0.242,0.839,96.673
4E5IFAXCob6QqZaJMTw5YN,Poppin' Them Thangs,G-Unit,29,rap,0.768,0.818,-1.385,0.192,0.263,0,0.0787,0.918,88.017
5PQmSHzWnlgG4EBuIqjac2,If I Ruled the World (Imagine That),Nas,30,rap,0.879,0.564,-7.682,0.247,0.0474,0.00000943,0.0519,0.523,93.908
08X9m3tpcthgrItjPVAmCu,Devastated,Joey Bada$$,31,rap,0.837,0.481,-8.522,0.0801,0.12,0,0.309,0.578,122.98
2LLFl56eIFGFlnrplUC26f,Flex (Ooh,KSI,32,rap,0.728,0.62,-7.533,0.0434,0.038,0,0.342,0.885,81.998
2YYvZyVDx0GxkoAYyHyV24,Tied Up,Casey Veggies,33,rap,0.6,0.721,-4.596,0.212,0.182,0,0.256,0.371,94.939
61QSuw5VlC0LTS8WMO356g,All The Way Up,Fat Joe,34,rap,0.536,0.721,-6.44,0.386,0.062,0,0.824,0.393,117.139
6fujklziTHa8uoM5OQSfIo,Black Beatles,Rae Sremmurd,35,rap,0.794,0.632,-6.163,0.0649,0.142,0,0.128,0.355,145.926
7zBPzAjKAqQpcv8F8GCq5s,Uber Everywhere,Madeintyo,36,rap,0.779,0.455,-15.025,0.28,0.0542,0,0.177,0.197,140.181
275a9yzwGB6ncAW4SxY7q3,Panda,Desiigner,37,rap,0.685,0.731,-5.503,0.414,0.0292,0,0.369,0.266,145.245
4b5aJdOgxps6z0dPe6wCHF,Into You (feat. Ashanti),Fabolous,38,rap,0.726,0.568,-8.358,0.0298,0.179,0,0.0488,0.631,91.906
71kZP3u1h27zyjfULjSxPT,Like Me,Lil Durk,39,rap,0.722,0.529,-8.742,0.109,0.466,0.00000883,0.0739,0.0987,115.994
4WC72P8F0CnYmqoPYQ7JDD,Bottom of the Bottle (feat. August Alsina & Lil Wayne),Curren$y,40,rap,0.739,0.539,-9.735,0.337,0.0161,0,0.235,0.835,85.082
6R0GRYk2vs2XuBVemYK5YZ,Ultimate,Denzel Curry,41,rap,0.493,0.826,-3.106,0.311,0.095,0.00000342,0.252,0.75,112.865
5vIu19A3EEdHgFM4Cba6F4,Choices (Yup),E-40,42,rap,0.892,0.607,-7.232,0.367,0.144,0.000314,0.0909,0.244,120
3bMNprrp2JDKZsGbiXpsJl,My Chick Bad,Ludacris,43,rap,0.624,0.723,-6.782,0.378,0.172,0,0.483,0.757,84.789
2Cth0v1xri32oZ799rL3rl,Feel Me,Tyga,44,rap,0.442,0.636,-4.219,0.262,0.124,0,0.879,0.251,87.692
5zaIgI9HNUPIcfaeVRlxGa,Just A Lil' Thick (She Juicy),Trinidad James,45,rap,0.857,0.72,-5.589,0.289,0.108,0,0.218,0.729,99.995
3iL2l5gUqyPS6vDwJFgJTR,BedRock,Young Money,46,rap,0.733,0.664,-6.163,0.295,0.102,0,0.191,0.557,148.005
3KiEydhjn7yf58h9jBD5Sa,U Mad,Vic Mensa,47,rap,0.723,0.585,-6.496,0.0471,0.0121,0,0.325,0.485,134.071
7xVLFuuYdAvcTfcP3IG3dS,Work REMIX,A$AP Ferg,48,rap,0.841,0.733,-5.077,0.142,0.0246,0,0.174,0.284,130.009
0svl7cK07gK1ia5ainczU5,Break Ya Neck,Busta Rhymes,49,rap,0.82,0.809,-6.759,0.251,0.443,0.00175,0.0613,0.737,83.011
7isbPMomU1kbgaNKOFocGJ,One Time Comin',YG,50,rap,0.825,0.598,-7.158,0.0374,0.00305,0,0.125,0.375,108.044
5QTxFnGygVM4jFQiBovmRo,(Don't Fear) The Reaper,Blue Ã–yster Cult,1,rock,0.333,0.927,-8.55,0.0733,0.0029,0.000208,0.297,0.385,141.466
3KPwt1LBpt1jVSHz8GXERo,Feel Like Makin' Love - 2015 Remastered Version,Bad Company,2,rock,0.543,0.529,-9.717,0.0301,0.326,0.00269,0.709,0.746,85.126
1nzcKrYRTWZJEwWzyAU8XM,Born To Be Wild,Steppenwolf,3,rock,0.438,0.782,-8.866,0.0691,0.205,0.666,0.182,0.591,146.023
6FRwDxXsvSasw0y2eDArsz,Sunshine Of Your Love,Cream,4,rock,0.683,0.481,-12.59,0.0384,0.475,0.0000657,0.118,0.784,115.078
1bp2IO61zbQrbWNmKKxg3f,The Joker,Steve Miller Band,5,rock,0.596,0.448,-9.616,0.0396,0.365,0.0000053,0.206,0.796,83.293
3qiyyUfYe7CRYLucrPmulD,Baba O'Riley - Original Album Version,The Who,6,rock,0.489,0.724,-8.367,0.0352,0.313,0.185,0.287,0.15,117.292
00xR9dHhuaNznqB4FSzOlr,You Really Got Me (Remastered),The Kinks,7,rock,0.567,0.959,-3.822,0.102,0.0995,0.0000607,0.1,0.961,137.377
7HgpYzYrBLbBLyInU2FaPY,She Talks To Angels,The Black Crowes,8,rock,0.586,0.514,-5.772,0.0283,0.0553,0.0000504,0.202,0.334,160.094
1QEEqeFIZktqIpPI4jSVSF,More Than a Feeling,Boston,9,rock,0.377,0.681,-8.039,0.0298,0.00088,0.0023,0.0504,0.285,108.789
5CQ30WqJwcep0pYcV4AMNc,Stairway To Heaven,Led Zeppelin,10,rock,0.338,0.34,-12.049,0.0339,0.58,0.0032,0.116,0.197,82.433
4vpeKl0vMGdAXpZiQB2Dtd,White Rabbit,Jefferson Airplane,11,rock,0.551,0.293,-12.503,0.0272,0.486,0.000273,0.0864,0.322,106.798
61Q9oJNd9hJQFhSDh6Qlap,The House Of The Rising Sun,The Animals,12,rock,0.315,0.534,-7.552,0.031,0.000825,0.108,0.101,0.283,116.891
7e89621JPkKaeDSTQ3avtg,Sweet Home Alabama,Lynyrd Skynyrd,13,rock,0.596,0.605,-12.145,0.0255,0.181,0.000331,0.0863,0.886,97.798
1JLn8RhQzHz3qDqsChcmBl,I Want To Know What Love Is - Remastered,Foreigner,14,rock,0.477,0.471,-10.036,0.0277,0.193,0.00000176,0.131,0.423,81.204
40riOy7x9W7GXjyGp4pjAv,Hotel California,Eagles,15,rock,0.579,0.508,-9.484,0.027,0.00574,0.000494,0.0575,0.609,147.125
63diy8Bzm0pHMAU37By2Nh,Take Me Home Tonight,Eddie Money,16,rock,0.622,0.845,-5.984,0.0324,0.117,0,0.0984,0.718,132.747
7N3PAbqfTjSEU1edb2tY8j,Jump - 2015 Remastered Version,Van Halen,17,rock,0.572,0.835,-6.219,0.0317,0.171,0.000377,0.0702,0.795,129.981
5XcZRgJv3zMhTqCyESjQrF,Poison,Alice Cooper,18,rock,0.28,0.908,-5.509,0.109,0.0327,0.00000885,0.18,0.26,118.698
2ymeOsYijJz09LfKw3yM2x,Joy To The World,Three Dog Night,19,rock,0.649,0.679,-12.515,0.0316,0.464,0.00121,0.339,0.971,126.867
4MZEZz8MqVgvIMXU6AVP22,Running On Empty,Jackson Browne,20,rock,0.531,0.948,-5.438,0.0568,0.006,0.0117,0.694,0.498,136.891
52KvuGmgcgRdrLMXOtda0E,The Stroke - 2010 - Remaster,Billy Squier,21,rock,0.67,0.591,-6.012,0.0646,0.62,0,0.373,0.8,91.439
6s0NHplywwr1IjnQpUpWJk,Bad To The Bone,George Thorogood & The Destroyers,22,rock,0.459,0.727,-11.777,0.0303,0.00614,0.0652,0.384,0.955,149.231
2Q7LpkYrS0PBpoq3iCqypa,Ramblin' Man,The Allman Brothers Band,23,rock,0.309,0.831,-8.288,0.036,0.488,0.00304,0.286,0.934,181.145
4DMKwE2E2iYDKY01C335Uw,Carry on Wayward Son,Kansas,24,rock,0.482,0.786,-5.735,0.032,0.00321,0.0000888,0.446,0.793,126.755
1IqFh00G2kvvMm8pRMpehA,Me and Bobby McGee,Janis Joplin,25,rock,0.43,0.463,-10.96,0.0442,0.303,0.0000584,0.152,0.66,93.405
3LQPTJEqOfljGBxmpgUnoC,American Woman - Remastered,The Guess Who,26,rock,0.55,0.726,-8.51,0.0516,0.146,0.00608,0.428,0.37,92.697
2aoo2jlRnM3A0NyLQqMN2f,All Along the Watchtower,Jimi Hendrix,27,rock,0.438,0.805,-6.237,0.0624,0.00255,0.0000569,0.0842,0.564,113.253
77NNZQSqzLNqh2A9JhLRkg,Don't Stop Believin',Journey,28,rock,0.491,0.802,-7.106,0.0392,0.25,0,0.387,0.472,119.25
6H3kDe7CGoWYBabAeVWGiD,Gimme Shelter,The Rolling Stones,29,rock,0.634,0.63,-8.277,0.031,0.447,0.039,0.17,0.489,118.628
1oojGBUxbMSrvrBnQ1DaBc,You Ain't Seen Nothing Yet,Bachman-Turner Overdrive,30,rock,0.467,0.508,-13.048,0.0395,0.000538,0.00205,0.132,0.772,118.753
0sDqo9UPzPUtu9wEkI3zRB,The Weight - 2000 - Remaster,The Band,31,rock,0.63,0.519,-10.997,0.0528,0.225,0.0000043,0.0974,0.502,143.942
5uvosCdMlFdTXhoazkTI5R,Light My Fire,The Doors,32,rock,0.413,0.725,-5.787,0.0324,0.369,0.0000216,0.0905,0.44,124.618
6mHOcVtsHLMuesJkswc0GZ,The Logical Song - 2010 Remastered,Supertramp,33,rock,0.625,0.758,-6.213,0.0463,0.512,0.00022,0.153,0.695,119.719
0sgDEFq9oeC8ueOK0mR5IA,Working for the Weekend,Loverboy,34,rock,0.526,0.924,-5.591,0.0391,0.027,0.000728,0.598,0.793,147.28
4KfSdst7rW39C0sfhArdrz,Barracuda,Heart,35,rock,0.548,0.691,-13.553,0.0369,0.015,0.106,0.144,0.667,137.145
6FBmHx1FuaSnTnnnaThgbF,Cum on Feel the Noize,Quiet Riot,36,rock,0.441,0.908,-4.627,0.115,0.000183,0.00328,0.0612,0.632,145.439
3YuaBvuZqcwN3CEAyyoaei,Like a Stone,Audioslave,37,rock,0.614,0.568,-5.477,0.0276,0.00797,0,0.0997,0.516,107.849
1FOUJzuApMpMM1wiuy3qfl,Renegade,Styx,38,rock,0.468,0.733,-6.36,0.0446,0.112,0.00000326,0.153,0.681,105.793
08mG3Y1vljYA6bvDt4Wqkj,Back In Black,AC/DC,39,rock,0.31,0.7,-5.678,0.047,0.011,0.00965,0.0828,0.763,188.386
3XcjIvaZVUFAIdIYZqY9bd,We're an American Band - 2002 - Remastered,Grand Funk Railroad,40,rock,0.637,0.89,-4.872,0.0677,0.119,0.0000672,0.103,0.923,127.689
5WwqdeavrQrbeAMDxGawse,Can't Fight This Feeling,REO Speedwagon,41,rock,0.408,0.48,-11.017,0.0266,0.155,0.0000182,0.0877,0.19,156.344
1i5oEx2vFczQ2sCY3c6Kn5,Love Hurts,Nazareth,42,rock,0.485,0.328,-11.853,0.0254,0.00596,0.0032,0.325,0.138,79.766
2RlgNHKcydI9sayD2Df2xp,Mr. Blue Sky,Electric Light Orchestra,43,rock,0.388,0.338,-10.054,0.0329,0.652,0.00000373,0.248,0.478,177.765
6wvR0jv72FM0kwg1000cq9,Love Song,Tesla,44,rock,0.404,0.381,-6.948,0.0301,0.355,0.0407,0.124,0.317,80.883
6TNNMVpOgn8K5NoDC7alG6,Ooh La La - 2015 Remastered Version,Faces,45,rock,0.603,0.494,-10.27,0.0301,0.428,0.000171,0.0894,0.729,147.814
4MYb7NWLwXNDB7bYs3HeX8,Slow Ride,Foghat,46,rock,0.493,0.586,-13.916,0.046,0.0202,0.00106,0.102,0.656,113.618
5UuikgHTxSRFRnC0zXx10i,Aqualung,Jethro Tull,47,rock,0.477,0.479,-11.887,0.0483,0.0649,0.029,0.0906,0.662,122.531
7LygtNjQ65PSdzVjUnHXQb,Cherry Pie,Warrant,48,rock,0.472,0.946,-4.591,0.145,0.0372,0,0.352,0.486,177.489
5qBqBdfTEIWJwAS0Jm2F5R,Turn! Turn! Turn! (To Everything There Is a Season),The Byrds,49,rock,0.451,0.818,-8.124,0.0439,0.135,0.0000292,0.052,0.755,124.532
5fsU7AtSTp0zySUf46hwbt,Just Between You And Me,April Wine,50,rock,0.511,0.308,-15.021,0.0247,0.408,0.000022,0.15,0.377,83.546
2sCf9tz6LHByczuVT7rqIx,Cry to Me,Solomon Burke,1,soul,0.733,0.624,-9.849,0.0374,0.623,0,0.407,0.912,114.586
0izzSOqBR4gdzCCWRnrzPd,People Get Ready - Single Version,The Impressions,2,soul,0.388,0.246,-14.098,0.0393,0.821,0.00000272,0.261,0.346,141.591
3SdTKo2uVsxFblQjpScoHy,Stand By Me,Ben E. King,3,soul,0.65,0.306,-9.443,0.0393,0.57,0.00000707,0.0707,0.605,118.068
1NeKY4qWsCnhY8fvhwQa7q,Didn't I (Blow Your Mind This Time),The Delfonics,4,soul,0.484,0.59,-6.663,0.0283,0.795,0.00306,0.155,0.324,140.588
2qdyq2N1XfaA8QhtiOWWFG,I Love You More Than You'll Ever Know,Donny Hathaway,5,soul,0.306,0.22,-15.601,0.0407,0.742,0.000564,0.112,0.199,86.814
2g2GkH3vZHk4lWzBjgQ6nY,(What A) Wonderful World,Sam Cooke,6,soul,0.691,0.507,-10.23,0.0343,0.627,0,0.457,0.885,128.518
4Y4Gd3ty8uut6Qw43c7yJc,(Sittin' On) The Dock Of The Bay,Otis Redding,7,soul,0.484,0.312,-13.522,0.0535,0.724,0.00000165,0.0601,0.598,205.981
7keRsHHqmuFRv8agWvaYxE,I'd Rather Go Blind - Single Version,Etta James,8,soul,0.539,0.398,-6.513,0.0253,0.661,0.000519,0.191,0.588,81.579
4TBBPZks71c60whhq0PgdP,(Your Love Keeps Lifting Me) Higher & Higher,Jackie Wilson,9,soul,0.631,0.69,-6.676,0.0531,0.176,0,0.121,0.938,94.574
2xar08Fq5xra2KKZs5Bw9j,I've Got A Woman,Ray Charles,10,soul,0.556,0.61,-4.729,0.213,0.833,0.00000222,0.258,0.665,199.373
7arXVtGNJPa7aOHiKOeUsl,My Guy - Single Version,Mary Wells,11,soul,0.69,0.543,-8.686,0.0463,0.688,0.00000193,0.162,0.927,126.459
6Hy22YDN9HJMRlJP1LwnJy,Duke of Earl,Gene Chandler,12,soul,0.422,0.28,-11.277,0.0365,0.824,0,0.297,0.496,100.839
58IiROv3C3SPnYEmx8zxcE,Snatching It Back,Clarence Carter,13,soul,0.669,0.687,-9.999,0.0552,0.534,0.0000322,0.233,0.918,102.211
7zvwxa2s4zIX7y49plhrmo,You Really Got A Hold On Me,Percy Sledge,14,soul,0.676,0.245,-14.27,0.0298,0.677,0,0.319,0.531,86.338
4GBq8IPJieQyxwpHfLCxAx,Kiss and Say Goodbye,The Manhattans,15,soul,0.587,0.376,-13.52,0.0634,0.399,0.0000028,0.156,0.655,129.199
6L2woktiAuW35BrcROmhW5,Anyone Who Knows What Love Is (Will Understand),Irma Thomas,16,soul,0.389,0.29,-11.868,0.0393,0.406,0.0000397,0.0758,0.158,185.007
3axZhjWYerBhaovH5MlkTZ,Make Me Yours,Bettye Swann,17,soul,0.711,0.492,-8.119,0.0325,0.454,0.0000145,0.126,0.868,107.917
6hAN9n5pUEbgmDCqgQ25sd,The Dark End Of The Street,James Carr,18,soul,0.522,0.397,-8.491,0.027,0.799,0.0366,0.11,0.356,75.572
1HdNTlZrGTlgxDn31GB6Sv,Inside My Love - Digitally Remastered 93,Minnie Riperton,19,soul,0.527,0.279,-12.679,0.0297,0.519,0.0211,0.116,0.256,90.728
69Qa7czzqraPWZgxpQN405,You Can't Hurry Love,The Supremes,20,soul,0.617,0.81,-6.513,0.0798,0.762,0,0.134,0.65,97.389
4WWVHisI57gOa7USlqsPpS,Lady Love,Lou Rawls,21,soul,0.659,0.661,-8.011,0.059,0.417,0.00132,0.0532,0.776,91.658
65jrjEhWfAvysKfnojk1i0,Under The Boardwalk,The Drifters,22,soul,0.747,0.226,-13.635,0.0414,0.908,0.000168,0.107,0.778,123.792
5EA06TsQmqmQXZiEhr1AaM,Coming Home,Leon Bridges,23,soul,0.427,0.465,-6.595,0.0291,0.461,0.0000552,0.154,0.458,112.137
3oI95Uihdvu7uCiirC1DQA,If You Don't Know Me by Now,Harold Melvin & The Blue Notes,24,soul,0.467,0.371,-12.514,0.0322,0.659,0.0000667,0.756,0.478,93.681
6tpLhrjDcGNJ6S7F1rQQYW,In The Rain - Single Version,The Dramatics,25,soul,0.492,0.492,-10.829,0.0524,0.475,0.000449,0.441,0.538,72.71
5EglhzTOiSUow95PTXjn40,For Your Precious Love,The Impressions,26,soul,0.43,0.162,-15.319,0.0299,0.564,0,0.11,0.178,79.948
6UtfMFnVWLJjHsd3dPcGgB,Midnight Train to Georgia,Gladys Knight & The Pips,27,soul,0.583,0.454,-8.996,0.0412,0.234,0.000016,0.0808,0.501,91.714
7GSRH3L0HAM3StkAkYVamC,Tell It Like It Is,Aaron Neville,28,soul,0.61,0.376,-9.194,0.0287,0.449,0.00000218,0.198,0.565,93.706
4whTrWuc6vxKzWxWwU5dxO,Ain't No Love In The Heart Of The City,"Bobby ""Blue"" Bland",29,soul,0.499,0.598,-10.796,0.0473,0.284,0.0337,0.123,0.69,159.849
2pygzLN7fwCgeW5FNaugEm,What You Don't Do - Tom Misch Remix,Lianne La Havas,30,soul,0.704,0.511,-6.778,0.131,0.334,0.137,0.113,0.454,93.989
0rTkE0FmT4zT2xL6GXwosU,I Got You (I Feel Good),James Brown,31,soul,0.608,0.471,-8.664,0.0945,0.446,0.00000363,0.369,0.682,70.702
3yrSvpt2l1xhsV9Em88Pul,Brown Eyed Girl,Van Morrison,32,soul,0.491,0.583,-10.964,0.0376,0.185,0,0.406,0.908,150.566
4tvGhuwJYE0ALzBUNLmacQ,Smokestack Lightnin',Howlin' Wolf,33,soul,0.661,0.502,-16.361,0.043,0.844,0.000128,0.26,0.588,146.118
2BEuUkh9r8NCYiVvSKZIol,The Revolution Will Not Be Televised,Gil Scott-Heron,34,soul,0.561,0.765,-9.764,0.207,0.552,0,0.111,0.961,177.609
5GYcaVfaFBHe2gzA6Oybgj,Me and Mrs. Jones,Billy Paul,35,soul,0.416,0.404,-14.133,0.0373,0.479,0.000105,0.056,0.413,100.423
4U2b99X9hSSDjPbHCpIeJj,Ain't That A Shame? - 2002 Digital Remaster,Fats Domino,36,soul,0.54,0.389,-7.212,0.0345,0.757,0.0000122,0.0836,0.954,121.288
46EuzanXhKwIc7755wLAvS,Home Again,Michael Kiwanuka,37,soul,0.524,0.321,-11.452,0.032,0.702,0,0.124,0.27,85.328
7pL0X8YsHBnsHIJaBIjhiV,People Make the World Go Round,The Stylistics,38,soul,0.724,0.495,-9.06,0.052,0.683,0.00000431,0.367,0.764,83.119
2DunIaFgxhhLktcs07CxAM,I Just Dropped In To See What Condition My Condition Is In,Sharon Jones & The Dap-Kings,39,soul,0.641,0.763,-6.461,0.0474,0.227,0.000394,0.0831,0.86,133.256
6jWkZvd1URGktyTTwcpPpB,My Girl,The Temptations,40,soul,0.572,0.419,-10.738,0.0349,0.635,0,0.0961,0.694,104.566
4T9Jpft8jvZAP57aE3VdCt,Down In New Orleans,Dr. John,41,soul,0.697,0.676,-5.273,0.0436,0.745,0.000511,0.263,0.705,120.99
1L6JGepB2558f8XSYsw36G,Hang Up My Rock And Roll Shoes,Chuck Willis,42,soul,0.632,0.641,-7.647,0.0659,0.655,0,0.071,0.923,131.476
79fXdfpOPGaXO1gfdq2onl,All of Me,Billie Holiday,43,soul,0.507,0.0677,-13.766,0.0406,0.978,0.0000274,0.132,0.355,105.393
4GZRedE4k9Abk5ZTcJCu8C,(If Loving You Is Wrong) I Don't Want To Be Right,Millie Jackson,44,soul,0.519,0.458,-11.702,0.0585,0.0559,0,0.162,0.328,131.697
2vXk7PcNLLXsdnVaoMxzTj,Tutti Frutti,Little Richard,45,soul,0.555,0.444,-3.866,0.0541,0.793,0,0.118,0.937,184.835
1UE2mIj6uy9Tip2cvQx5xu,Rescue Me - Single Version,Fontella Bass,46,soul,0.674,0.552,-9.408,0.032,0.685,0.0000263,0.102,0.963,122.753
35w6fQ0Wnuv7aIryRx7gTq,B-A-B-Y,Carla Thomas,47,soul,0.74,0.301,-11.975,0.0467,0.428,0,0.0782,0.669,113.61
6bFrlORduDtYQ9BlPenV3o,Love Me or Leave Me: My Baby Just Cares For Me,Nina Simone,48,soul,0.76,0.196,-17.872,0.111,0.812,0.00000173,0.0845,0.418,118.348
4yYA4WFP7ygisiZHbPTIwc,High Note,Mavis Staples,49,soul,0.609,0.575,-7.342,0.151,0.425,0.0000521,0.15,0.495,83.2
1p2Th3PESzyLj6KpAeIT5r,Anna (Go To Him),Arthur Alexander,50,soul,0.546,0.644,-9.158,0.0341,0.221,0,0.188,0.768,113.491
