spotify_id,Song,Artist,Rank,Genre
4H2TRR9FjnnIwxGnIt9stO,Killin' Time,Clint Black,1,country
6iy4PoAuZBMvtrlDX4VxC7,Check Yes Or No,George Strait,2,country
3oW6SWwGqiZSPTiAp7ZQoH,It's A Great Day To Be Alive,Travis Tritt,3,country
7lUE02KHkZM44BZgjCaWRO,Meet in the Middle,Diamond Rio,4,country
1ecIqo8pOc8S6y3l80iGxd,Fancy,Reba McEntire,5,country
7GH8qNOm2gEKryVUyVzkmt,Delta Dawn,Tanya Tucker,6,country
4rQSLX4qMiUWL81hEQOuPY,Forever And Ever, Demis Roussos,7,country
5d5o9XHIrAMKvr3Qp2aZTW,Maybe It Was Memphis,Pam Tillis,8,country
3ODF56f90W3qxDqxHAUi3v,Strawberry Wine,Deana Carter,9,country
4uUwD0uYzIDjKMKQglzmD2,Song of the South,Alabama,10,country
0e05wFNr6zg1ULcp4NKs1p,Two Dozen Roses,Shenandoah,11,country
54c6mEj1AfViQwz33gUnlO,Hello Darlin',Conway Twitty,12,country
3nKLfeoq3YedJIZqvRW3Qz,I Don't Need Your Rockin' Chair - Version w/special guests,George Jones,13,country
3eIc0XWlqNkT290DfwNyBJ,Don't Close Your Eyes,Keith Whitley,14,country
29TI0GvP5gMQMPTJjdMe0H,You Never Even Called Me By My Name,David Allan Coe,15,country
5cCLKP66G2PJEorzYQVXHR,Love,Demi Lovato,16,country
6DqzLbXkxRUbvFyzWApTXM,Past The Point Of Rescue,Hal Ketchum,17,country
2nWKk3ACZN7exdamcHvGMU,Don't Laugh At Me,Mark Wills,18,country
0Jtp6dLT78aWIdnoteCSxv,Smoky Mountain Rain,Ronnie Milsap,19,country
70TsRbycWfabtevnripyRu,Don't Let Our Love Start Slippin' Away,Vince Gill,20,country
2lYMQJyM2LOGEG3rVkdFod,Family Tradition,Hank Williams,21,country
1gNUf7ItWfqwFrpDWzYcYY,Kiss An Angel Good Mornin',Charley Pride,22,country
7fJaL74toBMoNuO7iUXsST,Bubba Shot the Jukebox,Mark Chesnutt,23,country
3mM14WXoPaLRjjkmxHe99L,Coal Miner's Daughter,Loretta Lynn,24,country
0sgnJ5LFjEy2IuQ99NEZ1C,Hell on Heels,Pistol Annies,25,country
3rXCZRMiMZp0feGcYXpwYX,Cowboy Take Me Away,Dixie Chicks,26,country
1XFzAUUOUvusbHdbVynH5A,Red River Valley,Suzy Bogguss,27,country
2btMA0oVvDOTK3PVYq70xZ,This Cowboy's Hat,Chris LeDoux,28,country
1KNNTdw7SzJ90p6RXq4kGE,Grandpa (Tell Me 'Bout The Good Old Days),The Judds,29,country
5DWmvAL8WPuncj8tSxFVNC,Last Call,Lee Ann Womack,30,country
0IErUOvyUhX4Gxji2LPjTc,Cheater,Taylor Swift,31,country
2Cb2l4UoXynCHCeCYHRZN8,Stand By Your Man,Tammy Wynette,32,country
7xdQBiKGzfN8ripbLkihWu,Seminole Wind,John Anderson,33,country
33AQv3sfvHmtGfYNIJpi96,Tequila Makes Her Clothes Fall Off,Joe Nichols,34,country
1ccfxq0BQovRaGSYTwljLR,Good as I Was to You,Lorrie Morgan,35,country
04f1rOkeyOqYQQzPJZk9JS,How Can I Help You Say Goodbye,Patty Loveless,36,country
2kZZq09uK0oR9wwYJvgacb,Paint Me a Birmingham,Tracy Lawrence,37,country
0zvNHIL7ci0ZzIoWU6RO2u,I Love A Rainy Night,Eddie Rabbitt,38,country
6gRACp2CvsIhc7hyw8CecQ,The Devil Went Down to Georgia,The Charlie Daniels Band,39,country
7CNd7rjfVt74TFlcOcnZgN,In Color,Jamey Johnson,40,country
5LNKhl5Q3ZYlC8SWiqV0hv,Walkaway Joe,Trisha Yearwood,41,country
04F6rARD2mv4JiT8WglIDz,What Might Have Been,Little Texas,42,country
6QT53ohGZeLGoYktBPRePD,Apologize (Acoustic Version),Kacey Musgraves,43,country
4UWDRNon2wbiqDsdkfUBGi,Holding Her and Loving You,Earl Thomas Conley,44,country
15cGdiAHmezm0P04jVAjMo,Letters From Home,John Michael Montgomery,45,country
5E5qobIPLh5K9opkag3J1C,Fall,Clay Walker,46,country
3qd4eFbXvTs0xsgDnExC0I,I Was Country When Country Wasn't Cool,Barbara Mandrell,47,country
0qXUwQbZHFnhAGCgqwz2lR,Meet Me In Montana,Dan Seals,48,country
61EQfJXizp4MIpLYWyLoQI,When She Cries,Restless Heart,49,country
2hckAvL66faAcR0Fk64hj6,Pancho and Lefty,Merle Haggard,50,country
6s0yNmp4Hd32wGx40T6uL8,Kinetic (The Crystal Method vs. Dada Life),The Crystal Method,1,electronic
4bz7uB4edifWKJXSDxwHcs,Galvanize,The Chemical Brothers,2,electronic
1pUFYb9peWkK8m1WCKNRjp,God Is a DJ,Faithless,3,electronic
1gYn6OTpw5W6n8QaJjyY5m,Nobody Speak (feat. Run the Jewels),DJ Shadow,4,electronic
0xZuxFQjLWZnRMOFlFDsF5,Step On,Happy Mondays,5,electronic
5oPUBUzrAnwvlmMzl1VW7Y,Breathe,The Prodigy,6,electronic
6DxKG8EHEqkWdKrFQSvm32,In Yer Face - Bicep Remix,808 State,7,electronic
67Hna13dNDkZvBpTXRIaOJ,Teardrop,Massive Attack,8,electronic
5rDFRvwao7MFzuhrBTkWMQ,We Don't Care,Audio Bullys,9,electronic
2lrkgtrmmWniRyWsUCoAv1,Singin' in the Rain,Mint Royale,10,electronic
10ZyPt8BfdM5Ir7MTPldFD,Take California,Propellerheads,11,electronic
3ajbqS54UTMweMp1x24DFN,Atom Bomb,Fluke,12,electronic
0GoM2vODdCMqQ4eyjvNKbv,Bentley's Gonna Sort You Out - Damien's Gonna Edit A Bit Out,Bentley Rhythm Ace,13,electronic
6lsumzVFKP9SnfKcuGwqVp,Rome Wasn't Built In A Day,Morcheeba,14,electronic
24UPAuTCzIAVobhZnwfFqo,The Staunton Lick,Lemon Jelly,15,electronic
3Qr0t5gUkblSNrq2P0S50t,Jump N Shout - Erik Hagleton Remix,Basement Jaxx,16,electronic
4OchoJP9f6qiSycrX8iV9Z,6 Underground,Sneaker Pimps,17,electronic
6l0LbTF2V77M3LPpcOBmqX,Halcyon And On And On,Orbital,18,electronic
6VCqx14OVaX9uwSvC0PvAG,The Girl And The Robot,Ranslive,19,electronic
4CLZlTPjaKqbadAJc031OQ,Pogo,Digitalism,20,electronic
7xQYVjs4wZNdCwO0EeAWMC,Born Slippy (Nuxx),Underworld,21,electronic
2EEinN4Zk8MUv4OQuLsTBj,Age Of Consent - 2015 Remastered Version,New Order,22,electronic
5e9nJoAWMFJAmgUSx7EBFm,Only Heaven,Coldcut,23,electronic
5Vx3e9PipiEceifVyBzCdj,Movin' on Up,Primal Scream,24,electronic
5zYgFOCkYxPbfzq0PYoUR6,Easy Muffin,Amon Tobin,25,electronic
3F138QuYFlzPmgPeWKEFln,Battleflag (feat. Pigeonhed),Lo Fidelity Allstars,26,electronic
2GyrX5kqaQeJskyL8TatIy,Poney Part I,Vitalic,27,electronic
6ZoBkmNGZ4pTDB8M8GwrQp,Chase the Sun,Planet Funk,28,electronic
3ZTDzN6crSsEontNPgFSpV,Gone,Kosheen,29,electronic
0lk1zdGFPEv6U7omOAqhSs,Ain't Talkin' 'Bout Dub,Apollo 440,30,electronic
3f3HHRPF5vAo90GwdpDMaQ,Because I'm Me,The Avalanches,31,electronic
6D2FMgB1DFP3KMCdmAzqkI,Lonely Soul,UNKLE,32,electronic
3q5YhSzJVmiOCuNJCWQ1w9,Destroy Everything You Touch,Ladytron,33,electronic
2UKYMN7VnsQo40n0qCt6Sa,Porcelain,Moby,34,electronic
17hdos7cv1vAvcfoTU4Pym,The Only One I Know,The Charlatans,35,electronic
1FTSo4v6BOZH9QxKc3MbVM,Song 2 - 2012 Remastered Version,Blur,36,electronic
6OGRM4MAOlyOdhHuX0OJ6P,A New Error,Moderat,37,electronic
3vyKSb9sAdXl0kQ1KnS9fY,Emerge,Fischerspooner,38,electronic
0h26qoZNRIuUfuIellYQ1A,Finished Symphony - deadmau5 Remix,Hybrid,39,electronic
58eKLwmiYrJAqNlv96pwlP,Hayling (feat. Hafdis Huld),FC Kahuna,40,electronic
5KCxJigVaM0XlRC8TZeQl4,Prime Audio Soup,Meat Beat Manifesto,41,electronic
7lsFHOFeMyWiqaKrESLudT,Ready For The Floor,Hot Chip,42,electronic
5drK2kTE2mrUdV33iHWyrx,Mad About You,Hooverphonic,43,electronic
7eh33sXffuOKPOZ9xWkQsi,Set My Baby Free,Ian Brown,44,electronic
21RDsw7wzUJNl2FbWTgEfJ,Praise You - Radio Edit,Fatboy Slim,45,electronic
0C2GT6MXWGRo7PIeeFq9zu,Days Go By,Dirty Vegas,46,electronic
2bQ3lk19XCgwuNMXSSXivI,Connected,Stereo MC's,47,electronic
2JUS3pY1gTbypRyC8Ztj2m,You Read My Cards Wrong,Red Snapper,48,electronic
5Nn2Dj7OQsGL6pgQ9iIzPp,Ghostwriter,RJD2,49,electronic
1AnmfPwfhiMUetZyYrrHET,Return Of Django,Asian Dub Foundation,50,electronic
0fjYN9BylnRXMA3or3QSld,If You Could Read My Mind,Gordon Lightfoot,1,folk
0gctFhy7ZomaBNuUrFnjrU,Lungs - Live,Townes Van Zandt,2,folk
6Xz7FeyE8HTP90HecgHV57,Wild World,Yusuf / Cat Stevens,3,folk
0VNZYdfyOM8FGmYSwEGUa1,Me and Bobby McGee,Kris Kristofferson,4,folk
4wESSHqChrl4kwWmZ6otXc,Speed Of The Sound Of Loneliness,Nanci Griffith,5,folk
49rjnhdgM5lKVRdhnHtOJA,Encore,Graham Nash,6,folk
5oxTZlxluZl8zIVKANQmAM,Let The Mystery Be,Iris DeMent,7,folk
6UkMcAA19lTdjs22jtB7o2,Big Yellow Taxi,Joni Mitchell,8,folk
2PuUFT13yCzUOZun94WOXv,Suite: Judy Blue Eyes - Remastered,Crosby,9,folk
6hLqEJg2GnnDG4W0Y64hyD,Cats In The Cradle (45 Version),Harry Chapin,10,folk
6g0eFcVGt4tSJpJ2FdIQv0,The Last Thing On My Mind,Tom Paxton,11,folk
6oZaeLPOAb3Rn408f3IQiB,If I Had A Boat,Lyle Lovett,12,folk
12q3V8ShACq2PSWINMc2rC,It's Too Late,Carole King,13,folk
5OHTqUeUeV09qhqszxS541,The Traveling Kind,Emmylou Harris,14,folk
1k691v8ChLgDiuLLKnjyj6,In Spite of Ourselves,John Prine,15,folk
6scUEism6pBnY0IXYr8fw3,The Swimming Song,Loudon Wainwright III,16,folk
7raciFPVU5VuHmqVbw2c1h,Puff,Van Morrison,17,folk
72DefuF22C6aPKrWhRFCBS,Love Hurts - Remastered Version,Gram Parsons,18,folk
2p3lirPPNyGLtbNTk9LVRR,What They Say,Chris Smither,19,folk
3LcYYV9ozePfgYYmXv0P3r,Fire And Rain,James Taylor,20,folk
3QcuZo6WLcFkqqLmDs0d95,Doctor My Eyes,Jackson Browne,21,folk
3yrSvpt2l1xhsV9Em88Pul,Brown Eyed Girl,Van Morrison,22,folk
1KueOLeUZpaNRK2InckxVT,1952 Vincent Black Lightning,Richard Thompson,23,folk
62XHSV9G6veYMIc04oxXx0,I Remember You,Eilen Jewell,24,folk
0O87QQVWgCkkXAfrhsal55,Music Is Love,David Crosby,25,folk
0hhzJEusz6r7f0eL1Uc8kw,Here Comes The Sun,Richie Havens,26,folk
7AL6qzIDHIX7pEUWrzNiIs,Hurdy Gurdy Man,Donovan,27,folk
3NNkJwiHucP5QyUEAIMXra,Love The One You're With,Stephen Stills,28,folk
3Vms3ZKJF7CXWppSejBPxL,The Night They Drove Old Dixie Down,Joan Baez,29,folk
0P6TTXbSLGrSoTNMz5kvB7,The City of New Orleans,Arlo Guthrie,30,folk
31nItlXwgCCFpttS50Rbxf,Fruits Of My Labor,Lucinda Williams,31,folk
7Guwk9x2j11UYR4mOaJvfx,Heavenly Day,Patty Griffin,32,folk
6684GUHy1jpyhJVzpz5OFr,Mercy Now,Mary Gauthier,33,folk
6WRKgNXy93NabH6Ssz7dCT,Spring Wind,Greg Brown,34,folk
3AhXZa8sUQht0UEdBJgpGc,Like a Rolling Stone,Bob Dylan,35,folk
5vPRCX0Bj8O374jTCAQRLS,Look at Miss Ohio,Gillian Welch,36,folk
4GV5wmFd0G5NW8lQK9aVvP,Early Morning Rain,Ian & Sylvia,37,folk
5mnvqisoDJilY0uCEdT8rG,Danny's Song,Loggins & Messina,38,folk
1JtvwshkJMxfm4oRhJp93C,The Time I've Wasted,Lori McKenna,39,folk
2DnJjbjNTV9Nd5NOa1KGba,You're So Vain,Carly Simon,40,folk
0y2QzIC1avdAqTbo0qrDJB,No Regrets - 2008 Remastered Version,Tom Rush,41,folk
7teXDPOtLF93ZqepIRnViL,Hobo's Lullaby,Billy Bragg,42,folk
6zXgU7iiGEEKp9f0pJHJUn,Dublin Blues,Guy Clark,43,folk
0kKcoVPFH2o1Ca63jUSxYy,The Weakness In Me,Joan Armatrading,44,folk
2ZjRAKoGcm4oyyl6iikOuC,Who Knows Where The Time Goes?,Fairport Convention,45,folk
7MTX3vevnm41xuEoPxWT3j,Year Of The Cat - 2001 Remastered Version,Al Stewart,46,folk
77r5kKZHweJGTcPZ31hmFR,You Stay Here,Richard Shindell,47,folk
23DZLSxCK6kM8FF2RlzKDl,You're No Good,Linda Ronstadt,48,folk
3e3g5fhOUw0TxHZ46Qn9uF,Traveling Alone,Tift Merritt,49,folk
6GSfKutTHxZTGoeyqQh0n9,Love Is Our Cross To Bear,John Gorka,50,folk
5ByAIlEEnxYdvpnezg7HTX,Juicy,The Notorious B.I.G.,1,hip hop
33ZXjLCpiINn8eQIDYEPTD,Shook Ones,Craig Mack,2,hip hop
5PQmSHzWnlgG4EBuIqjac2,If I Ruled the World (Imagine That),Nas,3,hip hop
4C7Ss9bTPOWJMh3rarF1mN,Definition,Black Star,4,hip hop
0svl7cK07gK1ia5ainczU5,Break Ya Neck,Busta Rhymes,5,hip hop
5kWShBA43yNFBzHk7g1Mtd,Still Not a Player,Big Pun,6,hip hop
6JI5wNWYdBw68GZjOMmgK5,Put It On,Big L,7,hip hop
30oTS7bm0aH3p7lqjEIu8q,Full Clip,Gang Starr,8,hip hop
3X414ZlCf5U7pcpIaIcUkT,Flava In Ya Ear,Craig Mack,9,hip hop
0I3q5fE6wg7LIfHGngUTnV,Ms. Jackson,OutKast,10,hip hop
7Kutf53V4k0CvU4nKu5oK6,Real Hip-Hop,Das EFX,11,hip hop
2HAVFycrhtbmLxyyxpm6JI,Killing Me Softly with His Song,Fugees,12,hip hop
4Hf2HHwkUEJZzJgp3KDKMu,Da Joint,EPMD,13,hip hop
2Mb3zpobD0CvJGWv6NpsPy,They Reminisce Over You,Pete Rock & C.L. Smooth,14,hip hop
4anqYZt4APNlFwQixpbdZR,Da Rockwilder,Method Man,15,hip hop
6uP0XLqjRqFx8HAfesdcAg,X Gon' Give It To Ya,DMX,16,hip hop
4WxQGUmWBRNovxlF2g8Xdv,The Humpty Dance,Digital Underground,17,hip hop
6pvd8OBnYlV6FqskUOvWlx,Lifesaver,Guru,18,hip hop
1hWYT0w2R0J19rlVkiez7X,Battle Scars,Lupe Fiasco,19,hip hop
3yNVfRQlUPViUh8O2V9SQn,Just A Friend,Biz Markie,20,hip hop
3JEzGRDUsozrehZTq3dKE8,All Eyez (feat. Jeremih) - Bonus Track,The Game,21,hip hop
08X9m3tpcthgrItjPVAmCu,Devastated,Joey Bada$$,22,hip hop
2p9sprAX27D6U5cuSE9NsM,When I B On Tha Mic,Rakim,23,hip hop
5HQVUIKwCEXpe7JIHyY734,Young,Eazy-E,24,hip hop
7Afjy65bIVBMpFwCLTiuEe,Time 4 Sumaksion,Redman,25,hip hop
4piae89WoVnwucdJzWrB7M,O.P.P.,Naughty By Nature,26,hip hop
119c93MHjrDLJTApCVGpvx,C.R.E.A.M.,Wu-Tang Clan,27,hip hop
1yo16b3u0lptm6Cs7lx4AD,Fight The Power,Public Enemy,28,hip hop
5Unpx9KoFyS7VHZEFdBoGr,Circles,Pusha T,29,hip hop
2OgGlK7DqGg86Z5uUxUgGg,Passin' Me By,The Pharcyde,30,hip hop
4hrae8atte6cRlSC9a7VCO,Always On Time,Ja Rule,31,hip hop
4E5IFAXCob6QqZaJMTw5YN,Poppin' Them Thangs,G-Unit,32,hip hop
2MuJbBWAVewREJmB8WdGJ3,It Was A Good Day,Ice Cube,33,hip hop
53BZ6XygAoubR5DU5w38Vq,Real Muthaphuckkin' G's,Eazy-E,34,hip hop
32UioUCnMFsr2UN7SvDyXj,Slow Jamz,Twista,35,hip hop
5wwLfjdiSHsgKyEO6V5rDe,Don't Let It Go To Your Head,Brand Nubian,36,hip hop
0W2mz7mvaBaEsC4rmoRNPn,Slam,Onyx,37,hip hop
3XrvEifl0hIzgBGUa5jBLS,Grindin',Clipse,38,hip hop
6N34lGtJ3yxg9GrFRd6Wpg,Bring It On,Organized Konfusion,39,hip hop
2OXAWAySnYPJHLvgLX5fFT,Luchini Aka This Is It,Camp Lo,40,hip hop
3tvWMBIblzT5FSjKtIeRR1,Whatever You Like,T.I.,41,hip hop
1LM6EReMkAxuDXDF26ekl2,Get By,Talib Kweli,42,hip hop
0IVAlb0cFCH1cQ974iR1TU,Ms. Fat Booty,Mos Def,43,hip hop
4XHQyvbrBsQaaBUW1VvmsL,My Band,D12,44,hip hop
4pdLZsxq0y5oJDb6Cxlokw,You Got Me,The Roots,45,hip hop
27dUo79lgLEy4Rk5w3UvSL,Guess Who's Back,Beanie Sigel,46,hip hop
3ABG1UQTk0eLYUAeWkmfMi,Shimmy Shimmy Ya,Ol' Dirty Bastard,47,hip hop
4b5aJdOgxps6z0dPe6wCHF,Into You (feat. Ashanti),Fabolous,48,hip hop
61QSuw5VlC0LTS8WMO356g,All The Way Up,Fat Joe,49,hip hop
0kF1yJzBGNFTugYQ4nbBSd,Sour Soul,Ghostface Killah,50,hip hop
7pKWTcPfT9mg2iAhobFHpS,Polka Dots And Moonbeams - 1998 Digital Remaster,Bud Powell,1,jazz
58ylMBq2yqYdHyevarkNWa,I Guess I'll Hang My Tears Out To Dry - 1999 Digital Remaster,Dexter Gordon,2,jazz
0ADAFZE0bYIuaIyPNFl3LE,Blue Skies,Art Tatum,3,jazz
2BhU0Hl5OatWiCW93pE2b8,Remember - 1999 Digital Remaster,Hank Mobley,4,jazz
5LucwdrsPJ11MkweMTFF4w,Body and Soul,Coleman Hawkins,5,jazz
7CnOzCWGrTINcDExG6u99y,Cool Struttin',Sonny Clark,6,jazz
16Po3i2Kcsy74jz0lp6fdJ,Love For Sale,Cannonball Adderley,7,jazz
1J9iVCaEriyoMXpj2XszhU,When Sunny Gets Blue,McCoy Tyner,8,jazz
2N7LJO1uufnSeXIwxooTzg,Donna Lee,Lee Konitz,9,jazz
08rTZ8jNknn8VBS3v2o8pT,Lullaby Of The Leaves - 1998 Digital Remaster,Gerry Mulligan,10,jazz
4Wdvc5xLi2ptdlDQgrVLI1,It Could Happen To You,Miles Davis Quintet,11,jazz
5Uftxvqqbi70QdCpLb0fKu,God Bless the Child,Sonny Rollins,12,jazz
58BW9X4EEmarxjaXE6Izkw,The Girl From Ipanema,Stan Getz,13,jazz
1FGP7KqNANyPi10M3PkFtY,Bags' Groove - Rudy Van Gelder 2001 - Remaster,Milt Jackson,14,jazz
6qqK0oeBRapZn8f9hJJENw,Blue Bossa - 1999 - Remaster,Joe Henderson,15,jazz
7m4OEcDjdVPVKRhXmnQko5,When Your Lover Has Gone,Ben Webster,16,jazz
6rK27cC9hX0e1Chrnxo9Vn,My Romance,Gene Ammons,17,jazz
6F03IqrLhWkGI3fRwrQ6dX,Blues In C Minor,The Modern Jazz Quartet,18,jazz
1eghoZLe436O2AHiZaoGVQ,There Will Never Be Another You,Lester Young,19,jazz
2hpMxW0cUf6CUoiUf8lFFh,Afrodisia - 2007 Digital Remaster,Kenny Dorham,20,jazz
3f0kH5GF50N7zAVbx4EWAL,Nica's Dream,Horace Silver,21,jazz
2myfGe1fBz9QVr7IYZXb78,Easy Living,Clifford Brown,22,jazz
4z6d79RAbC5q0VAqPQas8W,I'll Wait And Pray,John Coltrane,23,jazz
7KZR1DItdJhanFvXt2fMPH,Dedicated To You,Freddie Hubbard,24,jazz
312sPUr4rRnn47MXno3DJx,Au Privave,Miles Davis,25,jazz
0F845nujLVqCb0XMZCh5Pc,I Fall In Love Too Easily - Vocal,Chet Baker,26,jazz
21WlpZiXLelHjdoMUhHfrm,My One And Only Love - Digitally Remastered,Chick Corea,27,jazz
5Bl1TC8Y1qh3ui6fGSWL5a,The Shadow of Your Smile,Scott Hamilton,28,jazz
5p6me2mwQrGfH30eExHn6v,Take Five,Dave Brubeck,29,jazz
60p18YXhrzLNrAaUXL8Bu6,Blue In Green (Take 3),Bill Evans,30,jazz
4ziNEnmyNT3AJL98nfXr0D,Blue Trombone,J.J. Johnson,31,jazz
4ymHy4hzJ09WxvvT7p0Azy,You Go To My Head,Art Pepper,32,jazz
1kGQzSasZr4HY5CzjHqCPG,Hymn To Freedom,Oscar Peterson Trio,33,jazz
25VmzSltVSB9vwNi6fbhr7,Since I Fell For You,Lee Morgan,34,jazz
4w7EnqiLksvE6rcuR8F8bn,Django - 1999 Digital Remaster,Grant Green,35,jazz
0aEcArQsqTpErHdixEVaHj,Killer Joe,Benny Golson,36,jazz
4d3XHYFFuYYzxWr2cJ6yQl,Angel Eyes - Studio,Tommy Flanagan,37,jazz
5kapVb34raTBsynt0Zj6qw,Bossa Antigua,Paul Desmond,38,jazz
1wl5b2lw3YagQtZiYZbQWP,'Round Midnight - 1998 Digital Remaster,Thelonious Monk,39,jazz
7flQESHoCoDzirWF4IkKGq,Scrapple From The Apple,Charlie Parker,40,jazz
0vzC63EYz5xG1CH7U9FAqT,Four On Six,Wes Montgomery,41,jazz
5Ojj9lZxV5phnmhxpjnvH5,Sleepwalker's Serenade - 1994 Remastered Version,Count Basie,42,jazz
6f6OQJv9qjqyJq9NHin45n,Blue Ballad,Phil Woods,43,jazz
7dzNuRBCw16p1lHKF0vYpx,Groovin' High,Dizzy Gillespie,44,jazz
4fKbuhnNdYd9L0NTKECcJ5,In A Sentimental Mood,Duke Ellington,45,jazz
2HptWPVFocwebcHSgJHFEo,Yams,Jackie McLean,46,jazz
2U7GPxcF67GYVJ1XWLNSMV,I Got It Bad AndThat Ain't Good,Zoot Sims,47,jazz
6m3uTgDFARRvVhgEIbMKBI,Line Up,Lennie Tristano,48,jazz
1RpkMoOomu5989qM3Ir23A,Bye Bye Blackbird,Ron Carter,49,jazz
7xCzg9H6SZszRLuvVyTC5q,Star Eyes - 1999 Digital Remaster,Tina Brooks,50,jazz
5FLuHcyUiAlq2wCoqVuqUa,View,SHINee,1,k-pop
4wAjmojVxc6Wbeca9XvnDo,I Like That,SISTAR,2,k-pop
0YVsrgp4OOUhFuYMAVQazV,FXXK IT,BIGBANG,3,k-pop
2hGubod7eM4Tbr2NK6dhE8,Super Power,Shinhwa,4,k-pop
5Rei61HA8R3TR4b0kOEINA,Crooked,G-DRAGON,5,k-pop
2tguz0aWPKBzqBkYtmuzon,TIAMO,T-ara,6,k-pop
2jkZgKoNK8dKxs7FGb9c42,Devil,Super Junior,7,k-pop
4VOySTQM7rAgem85lhM9rZ,Fiction,Beast,8,k-pop
1CSceRZ3QvI4JczMF1PAil,Goodbye,2NE1,9,k-pop
0tejqLrXfsXT5SEDld8fKk,For You,BTOB,10,k-pop
0fp7yXkUbwmM8ML6sWu6HW,Chained Up,VIXX,11,k-pop
6lM6yIDZ7kxFsgQCCfaLE2,Monster,EXO,12,k-pop
2klCjJcucgGQysgH170npL,4 Walls,f(x),13,k-pop
5V5m1uts8SWveTW1GuEsKC,MIRROR,MBLAQ,14,k-pop
0sYbRzhGQC0NRTVvwe8n3H,Hate,4Minute,15,k-pop
2Oltx0Zw8Tnkw23Ksdpxrc,What's Happening?,B1A4,16,k-pop
17gohmCYDlZSYxp41xqVQ8,Lion Heart,Girls' Generation,17,k-pop
3ozrVhZSKNcv8fMRAnHIU3,Stalker,U-KISS,18,k-pop
24psBRmEw3kHjBGZfl1dmb,Ah-Choo,Lovelyz,19,k-pop
5ZJzPIytI1OgEYEVGx5lAo,Can You Feel It?,SUPER JUNIOR-D&E,20,k-pop
3C8jNNWMJcsQLZZV5R3yTi,Twinkle,Girls' Generation-TTS,21,k-pop
6BKOhvRPY54uvfqWwg7MKi,Up & Down,EXID,22,k-pop
60oyvXjv0nwZnRrwZvZqUm,FACE,NU'EST,23,k-pop
1jbHCJ8EtvoKfMMYy3bAlN,Mamma Mia,KARA,24,k-pop
2OafHc3DmFE49MqNhQMi0z,Something,Girl's Day,25,k-pop
4uwNijtRjJtSXh4gtKWybp,GOOD NIGHT (feat.REDDY),Se7en,26,k-pop
2Gq8bwrWXzc1gW9g2EnHTh,Excuse Me,AOA,27,k-pop
7AvXrOVEVRcfXxme2wo6Im, Russian Roulette,Red Velvet,28,k-pop
4H0PF0pPJrD9gNBq0jjJja,White Night,UP10TION,29,k-pop
5SusX17QvBBkH7WfMbTU0j,NoNoNo,Apink,30,k-pop
6VJhf9l4ALDquID0bN51QQ,Very Very Very,I.O.I,31,k-pop
7eztAMY4KYbJo6Rty97sgb,Thatâ€™s My Jam,B.A.P,32,k-pop
5S5gGOsUarzRXKoaSstwba,Me Like Yuh,Jay Park,33,k-pop
7ui8D91c2tfgFtGtF6LlXt,ë‹¤ì³ Hurt Locker,9 Muses,34,k-pop
4Oqm4LXiG9MekVf3fnDyPR,Press Your Number,TAEMIN,35,k-pop
0Id5E2O6g3IlGtsl4BDStY,Wedding Dress,TaeYang,36,k-pop
5zbxw72g850H4fNMFEO7PC,Someone Like U,Dalshabet,37,k-pop
2kl3pn4Xhvx5Tvs8T9wNqt,JANUS,BOYFRIEND,38,k-pop
2JTjDYA0vfx8sp5XMTbeqU,Hobgoblin,CLC,39,k-pop
7czyJpFnAl18Bwye8wETky,RHYTHM TA,iKON,40,k-pop
1su62pO1ShAp7F4JlY5vuo,Rocking,Teen Top,41,k-pop
6gorwqDJ7bsdCHcVs5uS9u,HERO,Monsta X,42,k-pop
6eqX1nvFkgyumsATfnq6bo,Venus,HELLOVENUS,43,k-pop
4tSGhf2TB2t6jKlW8rN4Px,Wonderland,Jessica,44,k-pop
0GqvfTRhP8HUn16mQx5Hxi,Vibrato,Stellar,45,k-pop
7lJAe9Ykt39TZKYyDHqPk8,í• ë§ ìžˆì–´ìš” Gotta Talk to U,SEUNGRI,46,k-pop
4ohFoNx1yHERjm06A0h2s8,Liar Liar,OH MY GIRL,47,k-pop
1OIb1AalkGikhzCRbWgchd,Secret,WJSN,48,k-pop
7n5eQJYX7e6H5gkzgyEfQG,Can You Hear My Heart (feat. LEE HI),Epik High,49,k-pop
45qSSH075SHoIV9cSn2wZK,Will You Kiss Me,G.NA,50,k-pop
55tGzbf7CA1fnnlTy8HgDX,The Pale King,Testament,1,metal
0QMfoF1pm0nzVkvojPfrzN,Run to the Hills - 1998 Remastered Version,Iron Maiden,2,metal
2hsNfW4fcDhQtXiyMEGvUc,A Dangerous Meeting,Mercyful Fate,3,metal
01Mpj13vURSO3cCLprPt5T,Raining Blood,Slayer,4,metal
3OIUJqlQTntHtsp13FqDd2,Satan Is Real,Kreator,5,metal
7nBtCYzGh2hPwJGzUiDc4a,Mean,Anvil,6,metal
13Ntmgf2zirinJEJy4s5jb,I Want Out,Helloween,7,metal
2dbOYFfS7r7NAzquRvji9A,Balls to the Wall,Accept,8,metal
6OSyCAmXT4Gkd3OQ2aPOaF,Silent Lucidity - 2003 - Remaster,QueensrÃ¿che,9,metal
2Q6Knqq0R7baKPuo0bgMCU,Princess of the Night,Saxon,10,metal
0dpFb4qv92TE9R00Lq4SAW,Symbolic,Death,11,metal
3VAwkPP43h8WrPuvszXTsl,Abigail (Reissue),King Diamond,12,metal
3iC3Numiy9P3AkF7iioKmx,Wild Child,W.A.S.P.,13,metal
57fqmDaokbxZ3TaB0jp39q,Holy Diver,Dio,14,metal
2RaA6kIcvomt77qlIgGhCT,Breaking the Law,Judas Priest,15,metal
56uiDIiXz2sRoQ0AXq84aI,Metal On Metal,Anvil,16,metal
25kORdST1xzG4WXOnzJCKV,Can U Deliver,Armored Saint,17,metal
6XtMQPqCeAgv2gVD65LDDy,Narcosynthesis,Nevermore,18,metal
4E5xVW505akJX0wcKj8Mpd,Tornado Of Souls - 2004 Digital Remaster,Megadeth,19,metal
5Nodfi0wQT9QANl0KlAo7B,Black Star,Carcass,20,metal
07thLbY0eGli2xWWIPdrN2,Watching Over Me - Remixed & Remastered,Iced Earth,21,metal
70sD5g3kfosobyow3cVTuY,Master of Confusion,Gamma Ray,22,metal
5ZOOjqoCaUydmo8bxSdosj,The Toxic Waltz,Exodus,23,metal
76BYv24CcZt2u94JRjmATX,Madhouse,Anthrax,24,metal
2fed1yXI1clOEddfGyKyH2,Locust,Machine Head,25,metal
1JvMOOYZjXLQCZ5p5b0JJD,Visions in My Head,Obituary,26,metal
1j06ieEC2BOCM0fTmYhn2l,Alone Again,Dokken,27,metal
2SgbR6ttzoNlCRGQOKjrop,Cowboys From Hell,Pantera,28,metal
2b9lp5A6CqSzwOrBfAFhof,Crazy Train - Remastered,Ozzy Osbourne,29,metal
0ptyB7zQ0J1uqein1X1E8I,Curse the Gods,Destruction,30,metal
2OoS1aZFAFscH1cUiKlazH,Refuse / Resist,Sepultura,31,metal
6FBmHx1FuaSnTnnnaThgbF,Cum on Feel the Noize,Quiet Riot,32,metal
0qgrrDnUUhyxpxbBznUnzg,18 And Life,Skid Row,33,metal
3lJqE5AKrrFDFdhDyB0kqx,Swords And Tequila,Riot,34,metal
1Y373MqadDRtclJNdnUXVc,Paranoid,Black Sabbath,35,metal
1RJfhgykgVJBNKJ4bEqCeS,Are You Dead Yet,Children Of Bodom,36,metal
4nm9rEC2KiKeQFq3LbDfM0,Rebellion (The Clans Are Marching),Grave Digger,37,metal
0WZZENH0kt3O2cBE8q5IRq,War Eternal,Arch Enemy,38,metal
4HlVUapocBDBqkPtET2knz,Atoma,Dark Tranquillity,39,metal
6LSDAtJAhkoNriP0HVKYJh,No Hope in Sight,Paradise Lost,40,metal
7Avgj5DFNgDAOxlLts53Cd,The Moth,Death Angel,41,metal
1AR2VBeuqLQJYgsF33Pbgv,It's Electric,Diamond Head,42,metal
57ksenFZL6ipDlpls2cq0Q,Charging the Void,Vektor,43,metal
2Wu6LMO0Rx6Aa4LPHH1T95,Agent Orange,Sodom,44,metal
7G83ZwD2msTtFaBQExc8QB,Institutionalized,Suicidal Tendencies,45,metal
52p7YvOmvdCG714prT2Peo,Last Man Standing,Hammerfall,46,metal
54cBqIDAX3dH5Ys1DKgDWR,Eaten,Bloodbath,47,metal
34LXW73avo8xz0NLiVuiow,Metal Church,Metal Church,48,metal
3D1mFqa1AJNGgSD5wKnwVc,Evolution (The Grand Design),Symphony X,49,metal
5bKD8llj8BPQ3GJ7QckFJn,(Empty) Tankard,Tankard,50,metal
3TGRqZ0a2l1LRblBkJoaDx,Call Me Maybe,Carly Rae Jepsen,1,pop
5pD9x23lsoQr464mlmaKNJ,Chained To The Rhythm,Katy Perry,2,pop
4Ce37cRWvM1vIGGynKcs22,Starving,Hailee Steinfeld,3,pop
0HVj61S4pQJdQhgZP61G65,I Would Like,Zara Larsson,4,pop
6E11E0lT5Zy7yb6iT3y8DN,Want U Back,Cher Lloyd,5,pop
3tJ4y2Zqx6gM9xOAuFfsSF,Cool Girl,Tove Lo,6,pop
3lSDIJ2abCrOdDJ6pshUap,Close,Nick Jonas,7,pop
1i1rNVtxbE7rdFfpHuNq2j,Hold My Hand,Jess Glynne,8,pop
3qRHCvn70YpVFFkx3lrAYf,Body on Me,Rita Ora,9,pop
7oGZAicScQt96OAW4AruYy,Want to Want Me,Jason Derulo,10,pop
0puf9yIluy9W0vpMEUoAnN,Bang Bang,Jessie J,11,pop
1DqdF42leyFIzqNDv9CjId,Dynamite,Taio Cruz,12,pop
1X1DWw2pcNZ8zSub3uhlNz,Hall of Fame,The Script,13,pop
6t2ubAB4iSYOuIpRAOGd4t,Cake,Flo Rida,14,pop
31t0ATifZW5CW3XP2QUsUW,All Night,The Vamps,15,pop
6yIdwnpDHufLWgQcveTPMk,"I Donâ€™t Wanna Live Forever (Fifty Shades Darker) - From ""Fifty Shades Darker (Original Motion Picture Soundtrack)""",ZAYN,16,pop
0AKejOKlGdiB53QpwAeenO,Don't Wanna Know,Maroon 5,17,pop
0Zx8khUcEfCFK2AEoIhC92,Don't Leave,Snakehips,18,pop
6mnjcTmK8TewHfyOp3fC9C,Die Young,Kesha,19,pop
0rFOs9paloAvEtzwDX1Kmc,Bubbly,Colbie Caillat,20,pop
2wqaekenSQZm7hxQOYt8oE,Am I Wrong,Nico & Vinz,21,pop
2Ow4Pmi0VOOLvbmJ8V70qo,How To Be A Heartbreaker,Marina and the Diamonds,22,pop
1FUViuNSldssMIawrOXF2i,I Got You,Bebe Rexha,23,pop
76hfruVvmfQbw0eYn1nmeC,Cake By The Ocean,DNCE,24,pop
7AVF7kutqdQyamkw6q4d7x,F*** Apologies. (feat. Wiz Khalifa),JoJo,25,pop
1hGy2eLcmC8eKx7qr1tOqx,Beautiful Girls - Radio Edit,Sean Kingston,26,pop
7dZ1Odmx9jWIweQSatnRqo,Million Reasons,Lady Gaga,27,pop
4sPrcMhXm8jYmp2VaELp6b,Best Day of My Life,Pixie Lott,28,pop
0y8Wf6ltWpGCpgqVa21QNX,After The Afterparty (feat. Lil Yachty),Charli XCX,29,pop
3AGOgQzp0YcPH41u9p7dOp,Glad You Came,The Wanted,30,pop
5nJWME6j2dfFSm5B6ayDrw,Grow Up,Olly Murs,31,pop
1pKeFVVUOPjFsOABub0OaV,Side To Side,Ariana Grande,32,pop
1QNoKVgA758HFLu3TW2q7R,Kill Em With Kindness,Selena Gomez,33,pop
2hgzdQdnfWwtdpZbhZlV72,Ain't Your Mama,Jennifer Lopez,34,pop
4tCtwWceOPWzenK2HAIJSb,Work from Home,Fifth Harmony,35,pop
4nMlau89VAjmV7agkl7OY3,Fresh Eyes,Andy Grammer,36,pop
6FE2iI43OZnszFLuLtvvmg,Classic,MKTO,37,pop
0HMjXBAZmSYOTTi33WpMso,History,One Direction,38,pop
519tXYJVcrpEMqV2BMbh6E,No Air,Jordin Sparks,39,pop
6I9VzXrHxO9rA9A5euc8Ak,Toxic,Britney Spears,40,pop
0Wb7BfZSx0Tuo6om9M4q4N,Fight For This Love,Cheryl,41,pop
3f3omU8n47Mqyab5nCaGyT,Because of You,Kelly Clarkson,42,pop
6f3Kn4QtwZPU2IvwwDSbLF,La Da Dee,Cody Simpson,43,pop
1GCbc1vpkZA2zhjsSFhmHT,Fuck You,Lily Allen,44,pop
3BxWKCI06eQ5Od8TY2JBeA,Buttons,The Pussycat Dolls,45,pop
5Ua3GXyHwiSfpNTMjq6m2z,Touch,Little Mix,46,pop
4KTtYhxFtFL7mBwnjkKfLm,Glamorous,Fergie,47,pop
7xrA11O07xo57Bbg6p4hck,Body Say,Demi Lovato,48,pop
37f4ITSlgPX81ad2EvmVQr,Fight Song,Rachel Platten,49,pop
6brl7bwOHmGFkNw3MBqssT,So Sick,Ne-Yo,50,pop
6mz1fBdKATx6qP4oP1I65G,Pony,Ginuwine,1,r&b
1DFPibRb9RU3yfM3wOLdDT,Tru,Lloyd,2,r&b
6zMUIb4uce1CzpbjR3vMdN,Foolish,Ashanti,3,r&b
6TlRNJaezOdzdECnQeRuMM,Bed,J. Holiday,4,r&b
3ibKnFDaa3GhpPGlOUj7ff,Let Me Love You,Mario,5,r&b
56z2qI0gKcPthQF6l8AW3E,Bust Your Windows,Jazmine Sullivan,6,r&b
58FUwmyGUqkt53YPUcm7cJ,Knock You Down,Keri Hilson,7,r&b
2YegxR5As7BeQuVp2U6pek,Be Without You - Kendu Mix,Mary J. Blige,8,r&b
4eFBeXmhkXOo8dUgMqyKfS,You,Keyshia Cole,9,r&b
45wneA2j0Z0WMnYNDO6Ad0,Back & Forth,Aaliyah,10,r&b
3B7i9OKRRmIsSBHEbJz58Y,Grind With Me,Pretty Ricky,11,r&b
4Cv5dkUBqepa0siwGREihD,Motivation,Kelly Rowland,12,r&b
78TDcQdrcTCDssdnGRZFbY,When We Party (feat. Snoop Dogg),Faith Evans,13,r&b
3lqT89gv8p3PYwXtr3ODjv,I Wish,Carl Thomas,14,r&b
71EHOyEOhNx1SzTebRRyng,Weak,SWV,15,r&b
6YdEfXtj0YI5IbiJqVyT1c,They Don't Know,Jon B.,16,r&b
6Q13UWFUuqXLXT7IUVkqM1,Makin' Good Love,Avant,17,r&b
1wyNvV8uXr35T8ChEypf8n,Un-Break My Heart,Toni Braxton,18,r&b
6ctr1K7KzKErxbfGAynL8A,I Wanna Know,Joe,19,r&b
6sHsXIJoEN5JpdkGMQDJxt,The Boy Is Mine,Brandy,20,r&b
3kVIFDE3G89I2RPVkiRaRj,Cupid,112,21,r&b
0fgZUSa7D7aVvv3GfO0A1n,Post To Be (feat. Chris Brown & Jhene Aiko),Omarion,22,r&b
0xiuSFBOEHWaJ6rSuUbJWc,Charlene,Anthony Hamilton,23,r&b
6brl7bwOHmGFkNw3MBqssT,So Sick,Ne-Yo,24,r&b
4bkhs6spQvVnVJAlXuKR6a,Touchin,112,25,r&b
6BIcjFZIVDZxNAcofRFPx4,So Gone,Monica,26,r&b
17YVl4TzNHQlHIyokvt1TD,Code Blue,The-Dream,27,r&b
5xE7sFTlv2yrG9mmhDSpdq,Come And Talk To Me Remix,Jodeci,28,r&b
5xjTqz4aYQeBnFhwMPmfx9,Kickinâ€™ Back,Mila J,29,r&b
1PmHkalaUHhh0fz23SBHDL,Let's Get Married,Jagged Edge,30,r&b
5Mmk2ii6laakqfeCT7OnVD,Thong Song,Sisqo,31,r&b
3OQu3z3okKVmWxSXTTHak5,Put That Woman First,Jaheim,32,r&b
5CdJveJgiGXoGwDFqF6afp,Freak Me,Silk,33,r&b
0rFZaQ4crlGAzuCjWCQ2xu,Body Party,Ciara,34,r&b
3oQ5kA2PGJlztciJk3SKA0,Epiphany (I'm Leaving),Chrisette Michele,35,r&b
4zYTZvtcww7OWKie7fxA9E,Hit 'Em Up Style (Oops!) - Remix Radio Mix,Blu Cantrell,36,r&b
3c6afiysmB7OnxQzzSqRfD,So Into You,Tamia,37,r&b
69QIVIjPMnI1ABLBqh9P1b,Twisted,Keith Sweat,38,r&b
4HDocpXZ4hk3Alhlow5kW5,Touch Me Tease Me,Case,39,r&b
68vgtRHr7iZHpzGpon6Jlo,My Boo,Usher,40,r&b
5d4l67BejhQZ9uQtTCfYfL,Before I Do,Sevyn Streeter,41,r&b
125dAqUSmX1nOG50fBz9vb,Beauty,Dru Hill,42,r&b
1ak0S3NhwWrUgNlQhJ1412,Case Of The Ex (Whatcha Gonna Do),MÃ½a,43,r&b
2ezqQeBiC72gwMJoO4w1hA,Every Time I Close My Eyes,Babyface,44,r&b
3SfZpKjMwvUQKGCty1dJ0T,"Slow Down - 12"" Version",Bobby V.,45,r&b
5EpdvRM97d8JBlvCz1V6gM,Already Knew That,Ro James,46,r&b
2uZwyxrg6VPvlVsvclIfel,Where I Wanna Be,Donell Jones,47,r&b
7H6ev70Weq6DdpZyyTmUXk,Say My Name,Destiny's Child,48,r&b
0DdpxWfVvUGgkJv5536tiF,Sexy Can I feat. Yung Berg,Ray J,49,r&b
6y7JGli1CNRmvERJitUern,Just Friends (Sunny),Musiq Soulchild,50,r&b
59e7E2LMPZ2bhW5G6aCwX8,Crazy Brazy,A$AP Mob,1,rap
03tqyYWC9Um2ZqU0ZN849H,No Hands [feat. Roscoe Dash and Wale],Waka Flocka Flame,2,rap
10I3CmmwT0BkOVhduDy53o,Really Really,Kevin Gates,3,rap
6aRlUgqcLgrxQE3RMngjN5,Good Drank,2 Chainz,4,rap
7wqSzGeodspE3V6RBD5W8L,See You Again (feat. Charlie Puth),Wiz Khalifa,5,rap
20dP2DaMHIAmwWAbp7peSr,pick up the phone,Young Thug,6,rap
3rMyMv8EjKXoPnaRo2hdJN,Stuntin' Like My Daddy - Street,Birdman,7,rap
3tvWMBIblzT5FSjKtIeRR1,Whatever You Like,T.I.,8,rap
5tFep7dXGd7vEJ668wTPux,Both (feat. Drake),Gucci Mane,9,rap
0rHJxNaQRMGK6Y4TUx3xRO,Castro,Yo Gotti,10,rap
66TRwr5uJwPt15mfFkzhbi,Crank That (Soulja Boy),Soulja Boy,11,rap
2yJ9GVCLMmzBBfQAnfzlwr,THat Part,ScHoolboy Q,12,rap
0uFvvXbmGIXlf5ZgtHyYpf,Bugatti,Ace Hood,13,rap
5NQbUaeTEOGdD6hHcre0dZ,679 (feat. Remy Boyz),Fetty Wap,14,rap
6lV2MSQmRIkycDScNtrBXO,Airplanes (feat. Hayley Williams of Paramore),B.o.B,15,rap
1hWYT0w2R0J19rlVkiez7X,Battle Scars,Lupe Fiasco,16,rap
5ByAIlEEnxYdvpnezg7HTX,Juicy,The Notorious B.I.G.,17,rap
7DTlsMOQjGysXHpwwpHuPl,Lifestyle,Rich Gang,18,rap
0kPgn96FXEO9Bnz9QN1Tc0,We In Da City,Young Dro,19,rap
1FvU97lrWOG2NRxErh6OZz,Bad and Boujee (feat. Lil Uzi Vert),Migos,20,rap
5IZc3KIVFhjzJ0L2kiXzUl,Promise,Kid Ink,21,rap
3JEzGRDUsozrehZTq3dKE8,All Eyez (feat. Jeremih) - Bonus Track,The Game,22,rap
32UioUCnMFsr2UN7SvDyXj,Slow Jamz,Twista,23,rap
3hQCHzkE5oSA3F1xM8bpcM,Hustlin',Rick Ross,24,rap
5J5PXmMdQ2nh1lZOal8KmK,Litty (feat. Tory Lanez),Meek Mill,25,rap
2c8sgbZoEanC3QyFNZxUcA,Flexicution,Logic,26,rap
6Y9kdB2O0h9gq9y2vclsWT,Shorty Wanna Ride,Young Buck,27,rap
4hrae8atte6cRlSC9a7VCO,Always On Time,Ja Rule,28,rap
4E5IFAXCob6QqZaJMTw5YN,Poppin' Them Thangs,G-Unit,29,rap
5PQmSHzWnlgG4EBuIqjac2,If I Ruled the World (Imagine That),Nas,30,rap
08X9m3tpcthgrItjPVAmCu,Devastated,Joey Bada$$,31,rap
2LLFl56eIFGFlnrplUC26f,Flex (Ooh,KSI,32,rap
2YYvZyVDx0GxkoAYyHyV24,Tied Up,Casey Veggies,33,rap
61QSuw5VlC0LTS8WMO356g,All The Way Up,Fat Joe,34,rap
6fujklziTHa8uoM5OQSfIo,Black Beatles,Rae Sremmurd,35,rap
7zBPzAjKAqQpcv8F8GCq5s,Uber Everywhere,Madeintyo,36,rap
275a9yzwGB6ncAW4SxY7q3,Panda,Desiigner,37,rap
4b5aJdOgxps6z0dPe6wCHF,Into You (feat. Ashanti),Fabolous,38,rap
71kZP3u1h27zyjfULjSxPT,Like Me,Lil Durk,39,rap
4WC72P8F0CnYmqoPYQ7JDD,Bottom of the Bottle (feat. August Alsina & Lil Wayne),Curren$y,40,rap
6R0GRYk2vs2XuBVemYK5YZ,Ultimate,Denzel Curry,41,rap
5vIu19A3EEdHgFM4Cba6F4,Choices (Yup),E-40,42,rap
3bMNprrp2JDKZsGbiXpsJl,My Chick Bad,Ludacris,43,rap
2Cth0v1xri32oZ799rL3rl,Feel Me,Tyga,44,rap
5zaIgI9HNUPIcfaeVRlxGa,Just A Lil' Thick (She Juicy),Trinidad James,45,rap
3iL2l5gUqyPS6vDwJFgJTR,BedRock,Young Money,46,rap
3KiEydhjn7yf58h9jBD5Sa,U Mad,Vic Mensa,47,rap
7xVLFuuYdAvcTfcP3IG3dS,Work REMIX,A$AP Ferg,48,rap
0svl7cK07gK1ia5ainczU5,Break Ya Neck,Busta Rhymes,49,rap
7isbPMomU1kbgaNKOFocGJ,One Time Comin',YG,50,rap
5QTxFnGygVM4jFQiBovmRo,(Don't Fear) The Reaper,Blue Ã–yster Cult,1,rock
3KPwt1LBpt1jVSHz8GXERo,Feel Like Makin' Love - 2015 Remastered Version,Bad Company,2,rock
1nzcKrYRTWZJEwWzyAU8XM,Born To Be Wild,Steppenwolf,3,rock
6FRwDxXsvSasw0y2eDArsz,Sunshine Of Your Love,Cream,4,rock
1bp2IO61zbQrbWNmKKxg3f,The Joker,Steve Miller Band,5,rock
3qiyyUfYe7CRYLucrPmulD,Baba O'Riley - Original Album Version,The Who,6,rock
00xR9dHhuaNznqB4FSzOlr,You Really Got Me (Remastered),The Kinks,7,rock
7HgpYzYrBLbBLyInU2FaPY,She Talks To Angels,The Black Crowes,8,rock
1QEEqeFIZktqIpPI4jSVSF,More Than a Feeling,Boston,9,rock
5CQ30WqJwcep0pYcV4AMNc,Stairway To Heaven,Led Zeppelin,10,rock
4vpeKl0vMGdAXpZiQB2Dtd,White Rabbit,Jefferson Airplane,11,rock
61Q9oJNd9hJQFhSDh6Qlap,The House Of The Rising Sun,The Animals,12,rock
7e89621JPkKaeDSTQ3avtg,Sweet Home Alabama,Lynyrd Skynyrd,13,rock
1JLn8RhQzHz3qDqsChcmBl,I Want To Know What Love Is - Remastered,Foreigner,14,rock
40riOy7x9W7GXjyGp4pjAv,Hotel California,Eagles,15,rock
63diy8Bzm0pHMAU37By2Nh,Take Me Home Tonight,Eddie Money,16,rock
7N3PAbqfTjSEU1edb2tY8j,Jump - 2015 Remastered Version,Van Halen,17,rock
5XcZRgJv3zMhTqCyESjQrF,Poison,Alice Cooper,18,rock
2ymeOsYijJz09LfKw3yM2x,Joy To The World,Three Dog Night,19,rock
4MZEZz8MqVgvIMXU6AVP22,Running On Empty,Jackson Browne,20,rock
52KvuGmgcgRdrLMXOtda0E,The Stroke - 2010 - Remaster,Billy Squier,21,rock
6s0NHplywwr1IjnQpUpWJk,Bad To The Bone,George Thorogood & The Destroyers,22,rock
2Q7LpkYrS0PBpoq3iCqypa,Ramblin' Man,The Allman Brothers Band,23,rock
4DMKwE2E2iYDKY01C335Uw,Carry on Wayward Son,Kansas,24,rock
1IqFh00G2kvvMm8pRMpehA,Me and Bobby McGee,Janis Joplin,25,rock
3LQPTJEqOfljGBxmpgUnoC,American Woman - Remastered,The Guess Who,26,rock
2aoo2jlRnM3A0NyLQqMN2f,All Along the Watchtower,Jimi Hendrix,27,rock
77NNZQSqzLNqh2A9JhLRkg,Don't Stop Believin',Journey,28,rock
6H3kDe7CGoWYBabAeVWGiD,Gimme Shelter,The Rolling Stones,29,rock
1oojGBUxbMSrvrBnQ1DaBc,You Ain't Seen Nothing Yet,Bachman-Turner Overdrive,30,rock
0sDqo9UPzPUtu9wEkI3zRB,The Weight - 2000 - Remaster,The Band,31,rock
5uvosCdMlFdTXhoazkTI5R,Light My Fire,The Doors,32,rock
6mHOcVtsHLMuesJkswc0GZ,The Logical Song - 2010 Remastered,Supertramp,33,rock
0sgDEFq9oeC8ueOK0mR5IA,Working for the Weekend,Loverboy,34,rock
4KfSdst7rW39C0sfhArdrz,Barracuda,Heart,35,rock
6FBmHx1FuaSnTnnnaThgbF,Cum on Feel the Noize,Quiet Riot,36,rock
3YuaBvuZqcwN3CEAyyoaei,Like a Stone,Audioslave,37,rock
1FOUJzuApMpMM1wiuy3qfl,Renegade,Styx,38,rock
08mG3Y1vljYA6bvDt4Wqkj,Back In Black,AC/DC,39,rock
3XcjIvaZVUFAIdIYZqY9bd,We're an American Band - 2002 - Remastered,Grand Funk Railroad,40,rock
5WwqdeavrQrbeAMDxGawse,Can't Fight This Feeling,REO Speedwagon,41,rock
1i5oEx2vFczQ2sCY3c6Kn5,Love Hurts,Nazareth,42,rock
2RlgNHKcydI9sayD2Df2xp,Mr. Blue Sky,Electric Light Orchestra,43,rock
6wvR0jv72FM0kwg1000cq9,Love Song,Tesla,44,rock
6TNNMVpOgn8K5NoDC7alG6,Ooh La La - 2015 Remastered Version,Faces,45,rock
4MYb7NWLwXNDB7bYs3HeX8,Slow Ride,Foghat,46,rock
5UuikgHTxSRFRnC0zXx10i,Aqualung,Jethro Tull,47,rock
7LygtNjQ65PSdzVjUnHXQb,Cherry Pie,Warrant,48,rock
5qBqBdfTEIWJwAS0Jm2F5R,Turn! Turn! Turn! (To Everything There Is a Season),The Byrds,49,rock
5fsU7AtSTp0zySUf46hwbt,Just Between You And Me,April Wine,50,rock
2sCf9tz6LHByczuVT7rqIx,Cry to Me,Solomon Burke,1,soul
0izzSOqBR4gdzCCWRnrzPd,People Get Ready - Single Version,The Impressions,2,soul
3SdTKo2uVsxFblQjpScoHy,Stand By Me,Ben E. King,3,soul
1NeKY4qWsCnhY8fvhwQa7q,Didn't I (Blow Your Mind This Time),The Delfonics,4,soul
2qdyq2N1XfaA8QhtiOWWFG,I Love You More Than You'll Ever Know,Donny Hathaway,5,soul
2g2GkH3vZHk4lWzBjgQ6nY,(What A) Wonderful World,Sam Cooke,6,soul
4Y4Gd3ty8uut6Qw43c7yJc,(Sittin' On) The Dock Of The Bay,Otis Redding,7,soul
7keRsHHqmuFRv8agWvaYxE,I'd Rather Go Blind - Single Version,Etta James,8,soul
4TBBPZks71c60whhq0PgdP,(Your Love Keeps Lifting Me) Higher & Higher,Jackie Wilson,9,soul
2xar08Fq5xra2KKZs5Bw9j,I've Got A Woman,Ray Charles,10,soul
7arXVtGNJPa7aOHiKOeUsl,My Guy - Single Version,Mary Wells,11,soul
6Hy22YDN9HJMRlJP1LwnJy,Duke of Earl,Gene Chandler,12,soul
58IiROv3C3SPnYEmx8zxcE,Snatching It Back,Clarence Carter,13,soul
7zvwxa2s4zIX7y49plhrmo,You Really Got A Hold On Me,Percy Sledge,14,soul
4GBq8IPJieQyxwpHfLCxAx,Kiss and Say Goodbye,The Manhattans,15,soul
6L2woktiAuW35BrcROmhW5,Anyone Who Knows What Love Is (Will Understand),Irma Thomas,16,soul
3axZhjWYerBhaovH5MlkTZ,Make Me Yours,Bettye Swann,17,soul
6hAN9n5pUEbgmDCqgQ25sd,The Dark End Of The Street,James Carr,18,soul
1HdNTlZrGTlgxDn31GB6Sv,Inside My Love - Digitally Remastered 93,Minnie Riperton,19,soul
69Qa7czzqraPWZgxpQN405,You Can't Hurry Love,The Supremes,20,soul
4WWVHisI57gOa7USlqsPpS,Lady Love,Lou Rawls,21,soul
65jrjEhWfAvysKfnojk1i0,Under The Boardwalk,The Drifters,22,soul
5EA06TsQmqmQXZiEhr1AaM,Coming Home,Leon Bridges,23,soul
3oI95Uihdvu7uCiirC1DQA,If You Don't Know Me by Now,Harold Melvin & The Blue Notes,24,soul
6tpLhrjDcGNJ6S7F1rQQYW,In The Rain - Single Version,The Dramatics,25,soul
5EglhzTOiSUow95PTXjn40,For Your Precious Love,The Impressions,26,soul
6UtfMFnVWLJjHsd3dPcGgB,Midnight Train to Georgia,Gladys Knight & The Pips,27,soul
7GSRH3L0HAM3StkAkYVamC,Tell It Like It Is,Aaron Neville,28,soul
4whTrWuc6vxKzWxWwU5dxO,Ain't No Love In The Heart Of The City,"Bobby ""Blue"" Bland",29,soul
2pygzLN7fwCgeW5FNaugEm,What You Don't Do - Tom Misch Remix,Lianne La Havas,30,soul
0rTkE0FmT4zT2xL6GXwosU,I Got You (I Feel Good),James Brown,31,soul
3yrSvpt2l1xhsV9Em88Pul,Brown Eyed Girl,Van Morrison,32,soul
4tvGhuwJYE0ALzBUNLmacQ,Smokestack Lightnin',Howlin' Wolf,33,soul
2BEuUkh9r8NCYiVvSKZIol,The Revolution Will Not Be Televised,Gil Scott-Heron,34,soul
5GYcaVfaFBHe2gzA6Oybgj,Me and Mrs. Jones,Billy Paul,35,soul
4U2b99X9hSSDjPbHCpIeJj,Ain't That A Shame? - 2002 Digital Remaster,Fats Domino,36,soul
46EuzanXhKwIc7755wLAvS,Home Again,Michael Kiwanuka,37,soul
7pL0X8YsHBnsHIJaBIjhiV,People Make the World Go Round,The Stylistics,38,soul
2DunIaFgxhhLktcs07CxAM,I Just Dropped In To See What Condition My Condition Is In,Sharon Jones & The Dap-Kings,39,soul
6jWkZvd1URGktyTTwcpPpB,My Girl,The Temptations,40,soul
4T9Jpft8jvZAP57aE3VdCt,Down In New Orleans,Dr. John,41,soul
1L6JGepB2558f8XSYsw36G,Hang Up My Rock And Roll Shoes,Chuck Willis,42,soul
79fXdfpOPGaXO1gfdq2onl,All of Me,Billie Holiday,43,soul
4GZRedE4k9Abk5ZTcJCu8C,(If Loving You Is Wrong) I Don't Want To Be Right,Millie Jackson,44,soul
2vXk7PcNLLXsdnVaoMxzTj,Tutti Frutti,Little Richard,45,soul
1UE2mIj6uy9Tip2cvQx5xu,Rescue Me - Single Version,Fontella Bass,46,soul
35w6fQ0Wnuv7aIryRx7gTq,B-A-B-Y,Carla Thomas,47,soul
6bFrlORduDtYQ9BlPenV3o,Love Me or Leave Me: My Baby Just Cares For Me,Nina Simone,48,soul
4yYA4WFP7ygisiZHbPTIwc,High Note,Mavis Staples,49,soul
1p2Th3PESzyLj6KpAeIT5r,Anna (Go To Him),Arthur Alexander,50,soul
